label,num_features,reduction_methos,sensivity,specificity,precision
blues,1,None,0.5,0.7388888888888889,0.17543859649122806
blues,4,None,0.95,0.65,0.23170731707317074
blues,7,None,0.95,0.6722222222222223,0.24358974358974358
blues,10,None,0.9,0.7166666666666667,0.2608695652173913
blues,13,None,0.95,0.7555555555555555,0.30158730158730157
blues,16,None,0.9,0.7555555555555555,0.2903225806451613
blues,19,None,0.9,0.7611111111111111,0.29508196721311475
blues,22,None,0.75,0.7888888888888889,0.2830188679245283
blues,25,None,0.7,0.8222222222222222,0.30434782608695654
blues,28,None,0.7,0.8166666666666667,0.2978723404255319
blues,31,None,0.55,0.8444444444444444,0.28205128205128205
blues,34,None,0.55,0.8388888888888889,0.275
blues,37,None,0.6,0.8388888888888889,0.2926829268292683
blues,40,None,0.6,0.8277777777777777,0.27906976744186046
blues,43,None,0.7,0.8333333333333334,0.3181818181818182
blues,46,None,0.55,0.8555555555555555,0.2972972972972973
blues,49,None,0.6,0.8444444444444444,0.3
blues,52,None,0.5,0.8555555555555555,0.2777777777777778
blues,55,None,0.55,0.8555555555555555,0.2972972972972973
blues,58,None,0.55,0.85,0.2894736842105263
blues,61,None,0.5,0.8611111111111112,0.2857142857142857
blues,64,None,0.5,0.8555555555555555,0.2777777777777778
blues,67,None,0.5,0.85,0.2702702702702703
blues,70,None,0.55,0.85,0.2894736842105263
blues,73,None,0.45,0.9,0.3333333333333333
blues,76,None,0.35,0.9166666666666666,0.3181818181818182
blues,79,None,0.4,0.9111111111111111,0.3333333333333333
blues,82,None,0.45,0.9166666666666666,0.375
blues,85,None,0.4,0.9166666666666666,0.34782608695652173
blues,88,None,0.5,0.9222222222222223,0.4166666666666667
blues,91,None,0.45,0.9333333333333333,0.42857142857142855
blues,94,None,0.3,0.9277777777777778,0.3157894736842105
blues,97,None,0.35,0.9333333333333333,0.3684210526315789
blues,100,None,0.4,0.9444444444444444,0.4444444444444444
blues,103,None,0.35,0.9333333333333333,0.3684210526315789
blues,106,None,0.35,0.9444444444444444,0.4117647058823529
blues,109,None,0.35,0.9388888888888889,0.3888888888888889
blues,112,None,0.3,0.9555555555555556,0.42857142857142855
blues,115,None,0.25,0.95,0.35714285714285715
blues,118,None,0.25,0.9555555555555556,0.38461538461538464
blues,121,None,0.2,0.9555555555555556,0.3333333333333333
blues,124,None,0.1,0.9666666666666667,0.25
blues,127,None,Null,Null,Null
blues,130,None,Null,Null,Null
blues,133,None,Null,Null,Null
blues,136,None,Null,Null,Null
blues,139,None,Null,Null,Null
blues,142,None,Null,Null,Null
blues,145,None,Null,Null,Null
blues,148,None,Null,Null,Null
blues,151,None,Null,Null,Null
blues,154,None,Null,Null,Null
blues,157,None,Null,Null,Null
blues,160,None,Null,Null,Null
blues,163,None,Null,Null,Null
blues,166,None,Null,Null,Null
blues,169,None,Null,Null,Null
blues,172,None,Null,Null,Null
blues,175,None,Null,Null,Null
blues,178,None,Null,Null,Null
blues,181,None,Null,Null,Null
blues,184,None,Null,Null,Null
blues,187,None,Null,Null,Null
blues,190,None,Null,Null,Null
blues,193,None,Null,Null,Null
blues,196,None,Null,Null,Null
blues,1,PCA,1.0,0.0,0.1
blues,4,PCA,0.95,0.6666666666666666,0.24050632911392406
blues,7,PCA,0.95,0.6777777777777778,0.24675324675324675
blues,10,PCA,1.0,0.7444444444444445,0.30303030303030304
blues,13,PCA,0.95,0.7555555555555555,0.30158730158730157
blues,16,PCA,0.95,0.75,0.296875
blues,19,PCA,0.9,0.7833333333333333,0.3157894736842105
blues,22,PCA,0.7,0.7722222222222223,0.2545454545454545
blues,25,PCA,0.65,0.8,0.2653061224489796
blues,28,PCA,0.7,0.8166666666666667,0.2978723404255319
blues,31,PCA,0.55,0.8444444444444444,0.28205128205128205
blues,34,PCA,0.5,0.8388888888888889,0.2564102564102564
blues,37,PCA,0.6,0.8277777777777777,0.27906976744186046
blues,40,PCA,0.6,0.8444444444444444,0.3
blues,43,PCA,0.65,0.85,0.325
blues,46,PCA,0.65,0.85,0.325
blues,49,PCA,0.7,0.8555555555555555,0.35
blues,52,PCA,0.65,0.8444444444444444,0.3170731707317073
blues,55,PCA,0.6,0.8722222222222222,0.34285714285714286
blues,58,PCA,0.55,0.8555555555555555,0.2972972972972973
blues,61,PCA,0.55,0.8722222222222222,0.3235294117647059
blues,64,PCA,0.5,0.8555555555555555,0.2777777777777778
blues,67,PCA,0.5,0.8611111111111112,0.2857142857142857
blues,70,PCA,0.55,0.8611111111111112,0.3055555555555556
blues,73,PCA,0.5,0.8944444444444445,0.3448275862068966
blues,76,PCA,0.35,0.9166666666666666,0.3181818181818182
blues,79,PCA,0.4,0.9111111111111111,0.3333333333333333
blues,82,PCA,0.45,0.9055555555555556,0.34615384615384615
blues,85,PCA,0.45,0.9166666666666666,0.375
blues,88,PCA,0.5,0.9277777777777778,0.43478260869565216
blues,91,PCA,0.45,0.9333333333333333,0.42857142857142855
blues,94,PCA,0.35,0.9388888888888889,0.3888888888888889
blues,97,PCA,0.4,0.9555555555555556,0.5
blues,100,PCA,0.4,0.9555555555555556,0.5
blues,103,PCA,0.35,0.9333333333333333,0.3684210526315789
blues,106,PCA,0.4,0.9555555555555556,0.5
blues,109,PCA,0.4,0.9666666666666667,0.5714285714285714
blues,112,PCA,0.3,0.9611111111111111,0.46153846153846156
blues,115,PCA,0.25,0.9555555555555556,0.38461538461538464
blues,118,PCA,0.25,0.9611111111111111,0.4166666666666667
blues,121,PCA,0.2,0.9555555555555556,0.3333333333333333
blues,124,PCA,0.15,0.9611111111111111,0.3
blues,127,PCA,0.1,0.9611111111111111,0.2222222222222222
blues,130,PCA,0.15,0.9722222222222222,0.375
blues,133,PCA,0.05,0.9833333333333333,0.25
blues,136,PCA,0.05,0.9722222222222222,0.16666666666666666
blues,139,PCA,0.05,0.9833333333333333,0.25
blues,142,PCA,0.05,0.9833333333333333,0.25
blues,145,PCA,0.05,0.9888888888888889,0.3333333333333333
blues,148,PCA,0.05,0.9944444444444445,0.5
blues,151,PCA,0.05,0.9944444444444445,0.5
blues,154,PCA,0.05,1.0,1.0
blues,157,PCA,0.05,1.0,1.0
blues,160,PCA,0.05,1.0,1.0
blues,163,PCA,0.05,1.0,1.0
blues,166,PCA,0.0,1.0,nan
blues,169,PCA,0.0,1.0,nan
blues,172,PCA,0.0,1.0,nan
blues,175,PCA,0.0,1.0,nan
blues,178,PCA,0.0,1.0,nan
blues,181,PCA,0.0,1.0,nan
blues,184,PCA,0.0,1.0,nan
blues,187,PCA,0.0,1.0,nan
blues,190,PCA,0.0,1.0,nan
blues,193,PCA,0.0,1.0,nan
blues,196,PCA,0.0,1.0,nan
blues,1,LDA,0.5,0.7388888888888889,0.17543859649122806
blues,4,LDA,0.95,0.6666666666666666,0.24050632911392406
blues,7,LDA,0.9,0.6888888888888889,0.24324324324324326
blues,10,LDA,0.9,0.7611111111111111,0.29508196721311475
blues,13,LDA,0.85,0.7888888888888889,0.3090909090909091
blues,16,LDA,0.85,0.7666666666666667,0.288135593220339
blues,19,LDA,0.9,0.7888888888888889,0.32142857142857145
blues,22,LDA,0.75,0.8111111111111111,0.30612244897959184
blues,25,LDA,0.8,0.8055555555555556,0.3137254901960784
blues,28,LDA,0.8,0.8,0.3076923076923077
blues,31,LDA,0.65,0.8055555555555556,0.2708333333333333
blues,34,LDA,0.7,0.8166666666666667,0.2978723404255319
blues,37,LDA,0.7,0.8277777777777777,0.3111111111111111
blues,40,LDA,0.7,0.8666666666666667,0.3684210526315789
blues,43,LDA,0.7,0.8444444444444444,0.3333333333333333
blues,46,LDA,0.7,0.85,0.34146341463414637
blues,49,LDA,0.75,0.8111111111111111,0.30612244897959184
blues,52,LDA,0.7,0.8555555555555555,0.35
blues,55,LDA,0.7,0.8277777777777777,0.3111111111111111
blues,58,LDA,0.7,0.8222222222222222,0.30434782608695654
blues,61,LDA,0.7,0.8444444444444444,0.3333333333333333
blues,64,LDA,0.7,0.8666666666666667,0.3684210526315789
blues,67,LDA,0.7,0.8611111111111112,0.358974358974359
blues,70,LDA,0.75,0.8666666666666667,0.38461538461538464
blues,73,LDA,0.7,0.9,0.4375
blues,76,LDA,0.7,0.9055555555555556,0.45161290322580644
blues,79,LDA,0.75,0.8888888888888888,0.42857142857142855
blues,82,LDA,0.8,0.8888888888888888,0.4444444444444444
blues,85,LDA,0.75,0.8944444444444445,0.4411764705882353
blues,88,LDA,0.75,0.8944444444444445,0.4411764705882353
blues,91,LDA,0.75,0.8833333333333333,0.4166666666666667
blues,94,LDA,0.75,0.8888888888888888,0.42857142857142855
blues,97,LDA,0.75,0.9,0.45454545454545453
blues,100,LDA,0.75,0.9,0.45454545454545453
blues,103,LDA,0.75,0.9055555555555556,0.46875
blues,106,LDA,0.7,0.9,0.4375
blues,109,LDA,0.7,0.9055555555555556,0.45161290322580644
blues,112,LDA,0.7,0.9166666666666666,0.4827586206896552
blues,115,LDA,0.7,0.9166666666666666,0.4827586206896552
blues,118,LDA,0.8,0.9166666666666666,0.5161290322580645
blues,121,LDA,0.8,0.9166666666666666,0.5161290322580645
blues,124,LDA,0.75,0.9,0.45454545454545453
blues,127,LDA,0.75,0.9111111111111111,0.4838709677419355
blues,130,LDA,0.75,0.9111111111111111,0.4838709677419355
blues,133,LDA,0.75,0.9111111111111111,0.4838709677419355
blues,136,LDA,0.75,0.9111111111111111,0.4838709677419355
blues,139,LDA,0.75,0.9111111111111111,0.4838709677419355
blues,142,LDA,0.8,0.9166666666666666,0.5161290322580645
blues,145,LDA,0.75,0.9166666666666666,0.5
blues,148,LDA,0.75,0.9111111111111111,0.4838709677419355
blues,151,LDA,0.75,0.9055555555555556,0.46875
blues,154,LDA,0.75,0.9055555555555556,0.46875
blues,157,LDA,0.75,0.9055555555555556,0.46875
blues,160,LDA,0.75,0.9,0.45454545454545453
blues,163,LDA,0.8,0.9,0.47058823529411764
blues,166,LDA,0.8,0.9055555555555556,0.48484848484848486
blues,169,LDA,0.8,0.9055555555555556,0.48484848484848486
blues,172,LDA,0.8,0.9055555555555556,0.48484848484848486
blues,175,LDA,0.85,0.9055555555555556,0.5
blues,178,LDA,0.85,0.9055555555555556,0.5
blues,181,LDA,0.8,0.9,0.47058823529411764
blues,184,LDA,0.85,0.9111111111111111,0.5151515151515151
blues,187,LDA,0.85,0.9222222222222223,0.5483870967741935
blues,190,LDA,0.85,0.9166666666666666,0.53125
blues,193,LDA,0.85,0.9166666666666666,0.53125
blues,196,LDA,0.85,0.9166666666666666,0.53125
classical,1,None,0.95,0.8166666666666667,0.36538461538461536
classical,4,None,0.9,0.9,0.5
classical,7,None,1.0,0.9555555555555556,0.7142857142857143
classical,10,None,1.0,0.9611111111111111,0.7407407407407407
classical,13,None,0.95,0.9444444444444444,0.6551724137931034
classical,16,None,1.0,0.95,0.6896551724137931
classical,19,None,0.9,0.9611111111111111,0.72
classical,22,None,0.95,0.9666666666666667,0.76
classical,25,None,0.95,0.9777777777777777,0.8260869565217391
classical,28,None,0.95,0.9944444444444445,0.95
classical,31,None,1.0,0.9944444444444445,0.9523809523809523
classical,34,None,0.9,0.9944444444444445,0.9473684210526315
classical,37,None,0.9,0.9944444444444445,0.9473684210526315
classical,40,None,0.9,0.9833333333333333,0.8571428571428571
classical,43,None,0.9,0.9888888888888889,0.9
classical,46,None,0.8,0.9833333333333333,0.8421052631578947
classical,49,None,0.8,0.9833333333333333,0.8421052631578947
classical,52,None,0.8,0.9944444444444445,0.9411764705882353
classical,55,None,0.75,1.0,1.0
classical,58,None,0.75,1.0,1.0
classical,61,None,0.7,1.0,1.0
classical,64,None,0.7,1.0,1.0
classical,67,None,0.65,0.9944444444444445,0.9285714285714286
classical,70,None,0.5,0.9944444444444445,0.9090909090909091
classical,73,None,0.55,0.9833333333333333,0.7857142857142857
classical,76,None,0.35,0.9888888888888889,0.7777777777777778
classical,79,None,0.4,0.9944444444444445,0.8888888888888888
classical,82,None,0.4,1.0,1.0
classical,85,None,0.4,1.0,1.0
classical,88,None,0.4,1.0,1.0
classical,91,None,0.45,1.0,1.0
classical,94,None,0.45,0.9944444444444445,0.9
classical,97,None,0.4,0.9944444444444445,0.8888888888888888
classical,100,None,0.4,0.9944444444444445,0.8888888888888888
classical,103,None,0.4,0.9944444444444445,0.8888888888888888
classical,106,None,0.4,0.9944444444444445,0.8888888888888888
classical,109,None,0.15,1.0,1.0
classical,112,None,0.15,1.0,1.0
classical,115,None,0.15,1.0,1.0
classical,118,None,0.15,0.9944444444444445,0.75
classical,121,None,0.1,0.9944444444444445,0.6666666666666666
classical,124,None,0.05,0.9944444444444445,0.5
classical,127,None,0.05,1.0,1.0
classical,130,None,0.05,1.0,1.0
classical,133,None,0.05,1.0,1.0
classical,136,None,0.05,1.0,1.0
classical,139,None,0.05,1.0,1.0
classical,142,None,0.05,1.0,1.0
classical,145,None,0.05,1.0,1.0
classical,148,None,0.05,1.0,1.0
classical,151,None,0.05,1.0,1.0
classical,154,None,0.0,1.0,nan
classical,157,None,0.0,1.0,nan
classical,160,None,Null,Null,Null
classical,163,None,Null,Null,Null
classical,166,None,Null,Null,Null
classical,169,None,Null,Null,Null
classical,172,None,Null,Null,Null
classical,175,None,Null,Null,Null
classical,178,None,Null,Null,Null
classical,181,None,Null,Null,Null
classical,184,None,Null,Null,Null
classical,187,None,Null,Null,Null
classical,190,None,Null,Null,Null
classical,193,None,Null,Null,Null
classical,196,None,Null,Null,Null
classical,1,PCA,1.0,0.0,0.1
classical,4,PCA,0.95,0.8833333333333333,0.475
classical,7,PCA,1.0,0.9444444444444444,0.6666666666666666
classical,10,PCA,1.0,0.9611111111111111,0.7407407407407407
classical,13,PCA,0.95,0.9444444444444444,0.6551724137931034
classical,16,PCA,1.0,0.9555555555555556,0.7142857142857143
classical,19,PCA,1.0,0.9555555555555556,0.7142857142857143
classical,22,PCA,0.95,0.9666666666666667,0.76
classical,25,PCA,0.95,0.9777777777777777,0.8260869565217391
classical,28,PCA,0.95,0.9944444444444445,0.95
classical,31,PCA,0.95,0.9944444444444445,0.95
classical,34,PCA,0.95,0.9944444444444445,0.95
classical,37,PCA,0.9,0.9944444444444445,0.9473684210526315
classical,40,PCA,0.9,0.9833333333333333,0.8571428571428571
classical,43,PCA,0.9,0.9888888888888889,0.9
classical,46,PCA,0.8,0.9888888888888889,0.8888888888888888
classical,49,PCA,0.8,0.9888888888888889,0.8888888888888888
classical,52,PCA,0.8,0.9888888888888889,0.8888888888888888
classical,55,PCA,0.75,1.0,1.0
classical,58,PCA,0.7,1.0,1.0
classical,61,PCA,0.7,1.0,1.0
classical,64,PCA,0.7,1.0,1.0
classical,67,PCA,0.6,0.9944444444444445,0.9230769230769231
classical,70,PCA,0.55,0.9944444444444445,0.9166666666666666
classical,73,PCA,0.5,0.9888888888888889,0.8333333333333334
classical,76,PCA,0.35,0.9944444444444445,0.875
classical,79,PCA,0.4,1.0,1.0
classical,82,PCA,0.45,1.0,1.0
classical,85,PCA,0.4,1.0,1.0
classical,88,PCA,0.45,1.0,1.0
classical,91,PCA,0.45,1.0,1.0
classical,94,PCA,0.55,0.9944444444444445,0.9166666666666666
classical,97,PCA,0.5,0.9944444444444445,0.9090909090909091
classical,100,PCA,0.4,0.9888888888888889,0.8
classical,103,PCA,0.45,0.9944444444444445,0.9
classical,106,PCA,0.4,1.0,1.0
classical,109,PCA,0.2,0.9944444444444445,0.8
classical,112,PCA,0.15,1.0,1.0
classical,115,PCA,0.15,1.0,1.0
classical,118,PCA,0.15,1.0,1.0
classical,121,PCA,0.1,0.9944444444444445,0.6666666666666666
classical,124,PCA,0.05,0.9944444444444445,0.5
classical,127,PCA,0.05,1.0,1.0
classical,130,PCA,0.05,1.0,1.0
classical,133,PCA,0.05,1.0,1.0
classical,136,PCA,0.05,1.0,1.0
classical,139,PCA,0.05,1.0,1.0
classical,142,PCA,0.05,1.0,1.0
classical,145,PCA,0.05,1.0,1.0
classical,148,PCA,0.05,1.0,1.0
classical,151,PCA,0.05,1.0,1.0
classical,154,PCA,0.05,1.0,1.0
classical,157,PCA,0.0,1.0,nan
classical,160,PCA,0.0,1.0,nan
classical,163,PCA,0.0,1.0,nan
classical,166,PCA,0.0,1.0,nan
classical,169,PCA,0.0,1.0,nan
classical,172,PCA,0.0,1.0,nan
classical,175,PCA,0.0,1.0,nan
classical,178,PCA,0.0,1.0,nan
classical,181,PCA,0.0,1.0,nan
classical,184,PCA,0.0,1.0,nan
classical,187,PCA,0.0,1.0,nan
classical,190,PCA,0.0,1.0,nan
classical,193,PCA,0.0,1.0,nan
classical,196,PCA,0.0,1.0,nan
classical,1,LDA,0.95,0.8166666666666667,0.36538461538461536
classical,4,LDA,0.9,0.9,0.5
classical,7,LDA,0.95,0.95,0.6785714285714286
classical,10,LDA,0.95,0.95,0.6785714285714286
classical,13,LDA,0.9,0.9444444444444444,0.6428571428571429
classical,16,LDA,0.95,0.9666666666666667,0.76
classical,19,LDA,0.95,0.9555555555555556,0.7037037037037037
classical,22,LDA,0.95,0.9722222222222222,0.7916666666666666
classical,25,LDA,0.95,0.9833333333333333,0.8636363636363636
classical,28,LDA,0.95,0.9833333333333333,0.8636363636363636
classical,31,LDA,0.95,0.9833333333333333,0.8636363636363636
classical,34,LDA,0.95,0.9833333333333333,0.8636363636363636
classical,37,LDA,0.95,0.9833333333333333,0.8636363636363636
classical,40,LDA,0.95,0.9833333333333333,0.8636363636363636
classical,43,LDA,0.95,0.9833333333333333,0.8636363636363636
classical,46,LDA,0.95,0.9777777777777777,0.8260869565217391
classical,49,LDA,0.95,0.9777777777777777,0.8260869565217391
classical,52,LDA,0.95,0.9777777777777777,0.8260869565217391
classical,55,LDA,0.95,0.9777777777777777,0.8260869565217391
classical,58,LDA,0.9,0.9777777777777777,0.8181818181818182
classical,61,LDA,0.9,0.9777777777777777,0.8181818181818182
classical,64,LDA,0.9,0.9777777777777777,0.8181818181818182
classical,67,LDA,0.9,0.9722222222222222,0.782608695652174
classical,70,LDA,0.9,0.9722222222222222,0.782608695652174
classical,73,LDA,0.9,0.9833333333333333,0.8571428571428571
classical,76,LDA,0.9,0.9833333333333333,0.8571428571428571
classical,79,LDA,0.9,0.9833333333333333,0.8571428571428571
classical,82,LDA,0.9,0.9833333333333333,0.8571428571428571
classical,85,LDA,0.85,0.9777777777777777,0.8095238095238095
classical,88,LDA,0.85,0.9777777777777777,0.8095238095238095
classical,91,LDA,0.85,0.9777777777777777,0.8095238095238095
classical,94,LDA,0.85,0.9777777777777777,0.8095238095238095
classical,97,LDA,0.85,0.9833333333333333,0.85
classical,100,LDA,0.85,0.9833333333333333,0.85
classical,103,LDA,0.85,0.9833333333333333,0.85
classical,106,LDA,0.85,0.9888888888888889,0.8947368421052632
classical,109,LDA,0.85,0.9888888888888889,0.8947368421052632
classical,112,LDA,0.85,0.9944444444444445,0.9444444444444444
classical,115,LDA,0.85,0.9888888888888889,0.8947368421052632
classical,118,LDA,0.85,0.9888888888888889,0.8947368421052632
classical,121,LDA,0.85,0.9888888888888889,0.8947368421052632
classical,124,LDA,0.85,0.9888888888888889,0.8947368421052632
classical,127,LDA,0.85,0.9888888888888889,0.8947368421052632
classical,130,LDA,0.85,0.9888888888888889,0.8947368421052632
classical,133,LDA,0.85,0.9888888888888889,0.8947368421052632
classical,136,LDA,0.85,0.9833333333333333,0.85
classical,139,LDA,0.85,0.9833333333333333,0.85
classical,142,LDA,0.85,0.9833333333333333,0.85
classical,145,LDA,0.9,0.9833333333333333,0.8571428571428571
classical,148,LDA,0.85,0.9833333333333333,0.85
classical,151,LDA,0.85,0.9944444444444445,0.9444444444444444
classical,154,LDA,0.85,0.9944444444444445,0.9444444444444444
classical,157,LDA,0.85,0.9944444444444445,0.9444444444444444
classical,160,LDA,0.85,0.9944444444444445,0.9444444444444444
classical,163,LDA,0.85,0.9888888888888889,0.8947368421052632
classical,166,LDA,0.85,0.9888888888888889,0.8947368421052632
classical,169,LDA,0.85,0.9888888888888889,0.8947368421052632
classical,172,LDA,0.85,0.9888888888888889,0.8947368421052632
classical,175,LDA,0.85,0.9833333333333333,0.85
classical,178,LDA,0.85,0.9833333333333333,0.85
classical,181,LDA,0.85,0.9833333333333333,0.85
classical,184,LDA,0.85,0.9888888888888889,0.8947368421052632
classical,187,LDA,0.85,0.9833333333333333,0.85
classical,190,LDA,0.85,0.9833333333333333,0.85
classical,193,LDA,0.85,0.9833333333333333,0.85
classical,196,LDA,0.85,0.9833333333333333,0.85
country,1,None,0.65,0.6611111111111111,0.17567567567567569
country,4,None,0.75,0.6666666666666666,0.2
country,7,None,0.65,0.6611111111111111,0.17567567567567569
country,10,None,0.8,0.7,0.22857142857142856
country,13,None,0.7,0.7833333333333333,0.2641509433962264
country,16,None,0.8,0.8222222222222222,0.3333333333333333
country,19,None,0.8,0.8277777777777777,0.3404255319148936
country,22,None,0.75,0.8333333333333334,0.3333333333333333
country,25,None,0.75,0.8388888888888889,0.3409090909090909
country,28,None,0.7,0.8388888888888889,0.32558139534883723
country,31,None,0.75,0.8388888888888889,0.3409090909090909
country,34,None,0.75,0.8277777777777777,0.32608695652173914
country,37,None,0.85,0.8555555555555555,0.3953488372093023
country,40,None,0.85,0.8777777777777778,0.4358974358974359
country,43,None,0.75,0.8388888888888889,0.3409090909090909
country,46,None,0.75,0.8611111111111112,0.375
country,49,None,0.7,0.8888888888888888,0.4117647058823529
country,52,None,0.7,0.8666666666666667,0.3684210526315789
country,55,None,0.7,0.8777777777777778,0.3888888888888889
country,58,None,0.75,0.9055555555555556,0.46875
country,61,None,0.8,0.9055555555555556,0.48484848484848486
country,64,None,0.7,0.9,0.4375
country,67,None,0.7,0.9,0.4375
country,70,None,0.8,0.9055555555555556,0.48484848484848486
country,73,None,0.55,0.9166666666666666,0.4230769230769231
country,76,None,0.4,0.9333333333333333,0.4
country,79,None,0.4,0.9277777777777778,0.38095238095238093
country,82,None,0.5,0.9444444444444444,0.5
country,85,None,0.6,0.9555555555555556,0.6
country,88,None,0.5,0.95,0.5263157894736842
country,91,None,0.55,0.9611111111111111,0.6111111111111112
country,94,None,0.55,0.9611111111111111,0.6111111111111112
country,97,None,0.6,0.9444444444444444,0.5454545454545454
country,100,None,Null,Null,Null
country,103,None,Null,Null,Null
country,106,None,Null,Null,Null
country,109,None,Null,Null,Null
country,112,None,Null,Null,Null
country,115,None,Null,Null,Null
country,118,None,Null,Null,Null
country,121,None,Null,Null,Null
country,124,None,Null,Null,Null
country,127,None,Null,Null,Null
country,130,None,Null,Null,Null
country,133,None,Null,Null,Null
country,136,None,Null,Null,Null
country,139,None,Null,Null,Null
country,142,None,Null,Null,Null
country,145,None,Null,Null,Null
country,148,None,Null,Null,Null
country,151,None,Null,Null,Null
country,154,None,Null,Null,Null
country,157,None,Null,Null,Null
country,160,None,Null,Null,Null
country,163,None,Null,Null,Null
country,166,None,Null,Null,Null
country,169,None,Null,Null,Null
country,172,None,Null,Null,Null
country,175,None,Null,Null,Null
country,178,None,Null,Null,Null
country,181,None,Null,Null,Null
country,184,None,Null,Null,Null
country,187,None,Null,Null,Null
country,190,None,Null,Null,Null
country,193,None,Null,Null,Null
country,196,None,Null,Null,Null
country,1,PCA,1.0,0.0,0.1
country,4,PCA,0.75,0.6555555555555556,0.19480519480519481
country,7,PCA,0.55,0.6555555555555556,0.1506849315068493
country,10,PCA,0.8,0.7166666666666667,0.23880597014925373
country,13,PCA,0.7,0.7944444444444444,0.27450980392156865
country,16,PCA,0.8,0.7833333333333333,0.2909090909090909
country,19,PCA,0.8,0.8111111111111111,0.32
country,22,PCA,0.75,0.8222222222222222,0.3191489361702128
country,25,PCA,0.75,0.8333333333333334,0.3333333333333333
country,28,PCA,0.75,0.8222222222222222,0.3191489361702128
country,31,PCA,0.75,0.8055555555555556,0.3
country,34,PCA,0.75,0.8111111111111111,0.30612244897959184
country,37,PCA,0.85,0.8555555555555555,0.3953488372093023
country,40,PCA,0.85,0.8611111111111112,0.40476190476190477
country,43,PCA,0.85,0.8666666666666667,0.4146341463414634
country,46,PCA,0.75,0.8555555555555555,0.36585365853658536
country,49,PCA,0.7,0.8888888888888888,0.4117647058823529
country,52,PCA,0.75,0.8722222222222222,0.39473684210526316
country,55,PCA,0.65,0.8722222222222222,0.3611111111111111
country,58,PCA,0.8,0.8666666666666667,0.4
country,61,PCA,0.85,0.8944444444444445,0.4722222222222222
country,64,PCA,0.65,0.8888888888888888,0.3939393939393939
country,67,PCA,0.7,0.8888888888888888,0.4117647058823529
country,70,PCA,0.75,0.9,0.45454545454545453
country,73,PCA,0.55,0.9166666666666666,0.4230769230769231
country,76,PCA,0.5,0.9333333333333333,0.45454545454545453
country,79,PCA,0.45,0.9222222222222223,0.391304347826087
country,82,PCA,0.45,0.9444444444444444,0.47368421052631576
country,85,PCA,0.55,0.9611111111111111,0.6111111111111112
country,88,PCA,0.45,0.9444444444444444,0.47368421052631576
country,91,PCA,0.6,0.9333333333333333,0.5
country,94,PCA,0.55,0.9388888888888889,0.5
country,97,PCA,0.5,0.9444444444444444,0.5
country,100,PCA,0.55,0.9611111111111111,0.6111111111111112
country,103,PCA,0.45,0.9722222222222222,0.6428571428571429
country,106,PCA,0.45,0.9833333333333333,0.75
country,109,PCA,0.45,0.9833333333333333,0.75
country,112,PCA,0.4,0.9777777777777777,0.6666666666666666
country,115,PCA,0.4,0.9777777777777777,0.6666666666666666
country,118,PCA,0.4,0.9777777777777777,0.6666666666666666
country,121,PCA,0.35,0.9833333333333333,0.7
country,124,PCA,0.35,0.9722222222222222,0.5833333333333334
country,127,PCA,0.25,0.9611111111111111,0.4166666666666667
country,130,PCA,0.25,0.9777777777777777,0.5555555555555556
country,133,PCA,0.3,0.9722222222222222,0.5454545454545454
country,136,PCA,0.2,0.9777777777777777,0.5
country,139,PCA,0.2,0.9777777777777777,0.5
country,142,PCA,0.05,0.9833333333333333,0.25
country,145,PCA,0.1,0.9777777777777777,0.3333333333333333
country,148,PCA,0.1,0.9888888888888889,0.5
country,151,PCA,0.15,0.9777777777777777,0.42857142857142855
country,154,PCA,0.05,0.9888888888888889,0.3333333333333333
country,157,PCA,0.05,0.9833333333333333,0.25
country,160,PCA,0.0,0.9888888888888889,0.0
country,163,PCA,0.0,0.9833333333333333,0.0
country,166,PCA,0.05,0.9944444444444445,0.5
country,169,PCA,0.0,0.9888888888888889,0.0
country,172,PCA,0.0,0.9944444444444445,0.0
country,175,PCA,0.0,1.0,nan
country,178,PCA,0.0,1.0,nan
country,181,PCA,0.0,0.9944444444444445,0.0
country,184,PCA,0.0,1.0,nan
country,187,PCA,0.0,1.0,nan
country,190,PCA,0.0,1.0,nan
country,193,PCA,0.0,1.0,nan
country,196,PCA,0.0,1.0,nan
country,1,LDA,0.65,0.6611111111111111,0.17567567567567569
country,4,LDA,0.75,0.6722222222222223,0.20270270270270271
country,7,LDA,0.75,0.6555555555555556,0.19480519480519481
country,10,LDA,0.85,0.6833333333333333,0.22972972972972974
country,13,LDA,0.8,0.7833333333333333,0.2909090909090909
country,16,LDA,0.8,0.8166666666666667,0.32653061224489793
country,19,LDA,0.8,0.8055555555555556,0.3137254901960784
country,22,LDA,0.8,0.8111111111111111,0.32
country,25,LDA,0.85,0.8055555555555556,0.3269230769230769
country,28,LDA,0.9,0.8111111111111111,0.34615384615384615
country,31,LDA,0.9,0.8111111111111111,0.34615384615384615
country,34,LDA,0.85,0.8333333333333334,0.3617021276595745
country,37,LDA,0.85,0.8277777777777777,0.3541666666666667
country,40,LDA,0.8,0.8666666666666667,0.4
country,43,LDA,0.9,0.8388888888888889,0.3829787234042553
country,46,LDA,0.9,0.8444444444444444,0.391304347826087
country,49,LDA,0.8,0.85,0.37209302325581395
country,52,LDA,0.85,0.8388888888888889,0.3695652173913043
country,55,LDA,0.8,0.85,0.37209302325581395
country,58,LDA,0.8,0.8611111111111112,0.3902439024390244
country,61,LDA,0.85,0.8444444444444444,0.37777777777777777
country,64,LDA,0.8,0.8333333333333334,0.34782608695652173
country,67,LDA,0.75,0.8333333333333334,0.3333333333333333
country,70,LDA,0.75,0.8555555555555555,0.36585365853658536
country,73,LDA,0.75,0.8777777777777778,0.40540540540540543
country,76,LDA,0.75,0.8666666666666667,0.38461538461538464
country,79,LDA,0.75,0.85,0.35714285714285715
country,82,LDA,0.75,0.8777777777777778,0.40540540540540543
country,85,LDA,0.75,0.8888888888888888,0.42857142857142855
country,88,LDA,0.8,0.8777777777777778,0.42105263157894735
country,91,LDA,0.8,0.8833333333333333,0.43243243243243246
country,94,LDA,0.8,0.8888888888888888,0.4444444444444444
country,97,LDA,0.75,0.8888888888888888,0.42857142857142855
country,100,LDA,0.8,0.9,0.47058823529411764
country,103,LDA,0.85,0.9,0.4857142857142857
country,106,LDA,0.85,0.8777777777777778,0.4358974358974359
country,109,LDA,0.9,0.9,0.5
country,112,LDA,0.8,0.8944444444444445,0.45714285714285713
country,115,LDA,0.8,0.8944444444444445,0.45714285714285713
country,118,LDA,0.8,0.8888888888888888,0.4444444444444444
country,121,LDA,0.8,0.8944444444444445,0.45714285714285713
country,124,LDA,0.8,0.8944444444444445,0.45714285714285713
country,127,LDA,0.8,0.9111111111111111,0.5
country,130,LDA,0.8,0.9166666666666666,0.5161290322580645
country,133,LDA,0.8,0.9333333333333333,0.5714285714285714
country,136,LDA,0.8,0.9277777777777778,0.5517241379310345
country,139,LDA,0.8,0.9444444444444444,0.6153846153846154
country,142,LDA,0.75,0.9388888888888889,0.5769230769230769
country,145,LDA,0.75,0.9444444444444444,0.6
country,148,LDA,0.8,0.9333333333333333,0.5714285714285714
country,151,LDA,0.8,0.9277777777777778,0.5517241379310345
country,154,LDA,0.8,0.9222222222222223,0.5333333333333333
country,157,LDA,0.85,0.9277777777777778,0.5666666666666667
country,160,LDA,0.85,0.9333333333333333,0.5862068965517241
country,163,LDA,0.8,0.9333333333333333,0.5714285714285714
country,166,LDA,0.8,0.9333333333333333,0.5714285714285714
country,169,LDA,0.75,0.9277777777777778,0.5357142857142857
country,172,LDA,0.75,0.9277777777777778,0.5357142857142857
country,175,LDA,0.75,0.9277777777777778,0.5357142857142857
country,178,LDA,0.8,0.9333333333333333,0.5714285714285714
country,181,LDA,0.8,0.9388888888888889,0.5925925925925926
country,184,LDA,0.8,0.95,0.64
country,187,LDA,0.8,0.9444444444444444,0.6153846153846154
country,190,LDA,0.8,0.9333333333333333,0.5714285714285714
country,193,LDA,0.8,0.9388888888888889,0.5925925925925926
country,196,LDA,0.8,0.9333333333333333,0.5714285714285714
disco,1,None,0.65,0.7166666666666667,0.203125
disco,4,None,0.8,0.6388888888888888,0.19753086419753085
disco,7,None,0.8,0.6444444444444445,0.2
disco,10,None,0.6,0.6166666666666667,0.14814814814814814
disco,13,None,0.55,0.7055555555555556,0.171875
disco,16,None,0.6,0.7166666666666667,0.19047619047619047
disco,19,None,0.65,0.6944444444444444,0.19117647058823528
disco,22,None,0.6,0.6944444444444444,0.1791044776119403
disco,25,None,0.6,0.7111111111111111,0.1875
disco,28,None,0.6,0.7222222222222222,0.1935483870967742
disco,31,None,0.55,0.75,0.19642857142857142
disco,34,None,0.5,0.7722222222222223,0.19607843137254902
disco,37,None,0.5,0.75,0.18181818181818182
disco,40,None,0.55,0.7666666666666667,0.20754716981132076
disco,43,None,0.55,0.7666666666666667,0.20754716981132076
disco,46,None,0.6,0.7833333333333333,0.23529411764705882
disco,49,None,0.55,0.7888888888888889,0.22448979591836735
disco,52,None,0.5,0.7777777777777778,0.2
disco,55,None,0.55,0.7833333333333333,0.22
disco,58,None,0.65,0.7833333333333333,0.25
disco,61,None,0.65,0.8,0.2653061224489796
disco,64,None,0.65,0.8055555555555556,0.2708333333333333
disco,67,None,0.6,0.8111111111111111,0.2608695652173913
disco,70,None,0.6,0.8555555555555555,0.3157894736842105
disco,73,None,0.55,0.85,0.2894736842105263
disco,76,None,0.55,0.8722222222222222,0.3235294117647059
disco,79,None,0.6,0.8833333333333333,0.36363636363636365
disco,82,None,0.55,0.8666666666666667,0.3142857142857143
disco,85,None,0.55,0.8722222222222222,0.3235294117647059
disco,88,None,0.55,0.8611111111111112,0.3055555555555556
disco,91,None,0.5,0.8666666666666667,0.29411764705882354
disco,94,None,0.5,0.8777777777777778,0.3125
disco,97,None,0.4,0.8722222222222222,0.25806451612903225
disco,100,None,0.45,0.8833333333333333,0.3
disco,103,None,0.35,0.8833333333333333,0.25
disco,106,None,Null,Null,Null
disco,109,None,Null,Null,Null
disco,112,None,Null,Null,Null
disco,115,None,Null,Null,Null
disco,118,None,Null,Null,Null
disco,121,None,Null,Null,Null
disco,124,None,Null,Null,Null
disco,127,None,Null,Null,Null
disco,130,None,Null,Null,Null
disco,133,None,Null,Null,Null
disco,136,None,Null,Null,Null
disco,139,None,Null,Null,Null
disco,142,None,Null,Null,Null
disco,145,None,Null,Null,Null
disco,148,None,Null,Null,Null
disco,151,None,Null,Null,Null
disco,154,None,Null,Null,Null
disco,157,None,Null,Null,Null
disco,160,None,Null,Null,Null
disco,163,None,Null,Null,Null
disco,166,None,Null,Null,Null
disco,169,None,Null,Null,Null
disco,172,None,Null,Null,Null
disco,175,None,Null,Null,Null
disco,178,None,Null,Null,Null
disco,181,None,Null,Null,Null
disco,184,None,Null,Null,Null
disco,187,None,Null,Null,Null
disco,190,None,Null,Null,Null
disco,193,None,Null,Null,Null
disco,196,None,Null,Null,Null
disco,1,PCA,1.0,0.0,0.1
disco,4,PCA,0.85,0.6388888888888888,0.2073170731707317
disco,7,PCA,0.8,0.6444444444444445,0.2
disco,10,PCA,0.6,0.6111111111111112,0.14634146341463414
disco,13,PCA,0.55,0.6944444444444444,0.16666666666666666
disco,16,PCA,0.6,0.6777777777777778,0.17142857142857143
disco,19,PCA,0.55,0.6722222222222223,0.15714285714285714
disco,22,PCA,0.6,0.7333333333333333,0.2
disco,25,PCA,0.65,0.7055555555555556,0.19696969696969696
disco,28,PCA,0.65,0.7,0.19402985074626866
disco,31,PCA,0.6,0.7222222222222222,0.1935483870967742
disco,34,PCA,0.55,0.7555555555555555,0.2
disco,37,PCA,0.55,0.7555555555555555,0.2
disco,40,PCA,0.55,0.7666666666666667,0.20754716981132076
disco,43,PCA,0.6,0.7777777777777778,0.23076923076923078
disco,46,PCA,0.65,0.7944444444444444,0.26
disco,49,PCA,0.55,0.7888888888888889,0.22448979591836735
disco,52,PCA,0.5,0.7777777777777778,0.2
disco,55,PCA,0.55,0.7833333333333333,0.22
disco,58,PCA,0.65,0.7944444444444444,0.26
disco,61,PCA,0.65,0.7944444444444444,0.26
disco,64,PCA,0.6,0.8055555555555556,0.2553191489361702
disco,67,PCA,0.65,0.8166666666666667,0.2826086956521739
disco,70,PCA,0.55,0.85,0.2894736842105263
disco,73,PCA,0.55,0.85,0.2894736842105263
disco,76,PCA,0.55,0.8611111111111112,0.3055555555555556
disco,79,PCA,0.6,0.85,0.3076923076923077
disco,82,PCA,0.5,0.8444444444444444,0.2631578947368421
disco,85,PCA,0.55,0.8666666666666667,0.3142857142857143
disco,88,PCA,0.55,0.8555555555555555,0.2972972972972973
disco,91,PCA,0.5,0.8611111111111112,0.2857142857142857
disco,94,PCA,0.55,0.8833333333333333,0.34375
disco,97,PCA,0.4,0.8777777777777778,0.26666666666666666
disco,100,PCA,0.45,0.8833333333333333,0.3
disco,103,PCA,0.4,0.8888888888888888,0.2857142857142857
disco,106,PCA,0.45,0.8777777777777778,0.2903225806451613
disco,109,PCA,0.3,0.9166666666666666,0.2857142857142857
disco,112,PCA,0.35,0.9277777777777778,0.35
disco,115,PCA,0.3,0.9277777777777778,0.3157894736842105
disco,118,PCA,0.35,0.9388888888888889,0.3888888888888889
disco,121,PCA,0.25,0.9444444444444444,0.3333333333333333
disco,124,PCA,0.25,0.9611111111111111,0.4166666666666667
disco,127,PCA,0.25,0.95,0.35714285714285715
disco,130,PCA,0.3,0.9555555555555556,0.42857142857142855
disco,133,PCA,0.3,0.9722222222222222,0.5454545454545454
disco,136,PCA,0.25,0.9611111111111111,0.4166666666666667
disco,139,PCA,0.25,0.9611111111111111,0.4166666666666667
disco,142,PCA,0.25,0.9611111111111111,0.4166666666666667
disco,145,PCA,0.25,0.9722222222222222,0.5
disco,148,PCA,0.2,0.9722222222222222,0.4444444444444444
disco,151,PCA,0.2,0.9777777777777777,0.5
disco,154,PCA,0.15,0.9888888888888889,0.6
disco,157,PCA,0.2,0.9777777777777777,0.5
disco,160,PCA,0.1,0.9777777777777777,0.3333333333333333
disco,163,PCA,0.1,0.9888888888888889,0.5
disco,166,PCA,0.1,0.9888888888888889,0.5
disco,169,PCA,0.05,0.9888888888888889,0.3333333333333333
disco,172,PCA,0.05,0.9888888888888889,0.3333333333333333
disco,175,PCA,0.1,1.0,1.0
disco,178,PCA,0.1,1.0,1.0
disco,181,PCA,0.05,1.0,1.0
disco,184,PCA,0.05,1.0,1.0
disco,187,PCA,0.05,1.0,1.0
disco,190,PCA,0.05,1.0,1.0
disco,193,PCA,0.0,1.0,nan
disco,196,PCA,0.0,1.0,nan
disco,1,LDA,0.65,0.7166666666666667,0.203125
disco,4,LDA,0.85,0.6277777777777778,0.20238095238095238
disco,7,LDA,0.85,0.6222222222222222,0.2
disco,10,LDA,0.65,0.6611111111111111,0.17567567567567569
disco,13,LDA,0.6,0.6777777777777778,0.17142857142857143
disco,16,LDA,0.65,0.7166666666666667,0.203125
disco,19,LDA,0.6,0.6888888888888889,0.17647058823529413
disco,22,LDA,0.55,0.7111111111111111,0.1746031746031746
disco,25,LDA,0.55,0.7222222222222222,0.18032786885245902
disco,28,LDA,0.55,0.7166666666666667,0.1774193548387097
disco,31,LDA,0.6,0.7222222222222222,0.1935483870967742
disco,34,LDA,0.65,0.7277777777777777,0.20967741935483872
disco,37,LDA,0.6,0.7222222222222222,0.1935483870967742
disco,40,LDA,0.6,0.7611111111111111,0.21818181818181817
disco,43,LDA,0.65,0.7666666666666667,0.23636363636363636
disco,46,LDA,0.6,0.7555555555555555,0.21428571428571427
disco,49,LDA,0.55,0.7611111111111111,0.2037037037037037
disco,52,LDA,0.55,0.75,0.19642857142857142
disco,55,LDA,0.55,0.75,0.19642857142857142
disco,58,LDA,0.75,0.7722222222222223,0.26785714285714285
disco,61,LDA,0.75,0.7666666666666667,0.2631578947368421
disco,64,LDA,0.7,0.7944444444444444,0.27450980392156865
disco,67,LDA,0.65,0.7888888888888889,0.2549019607843137
disco,70,LDA,0.75,0.8055555555555556,0.3
disco,73,LDA,0.7,0.7944444444444444,0.27450980392156865
disco,76,LDA,0.7,0.8277777777777777,0.3111111111111111
disco,79,LDA,0.7,0.8,0.28
disco,82,LDA,0.75,0.8111111111111111,0.30612244897959184
disco,85,LDA,0.75,0.8222222222222222,0.3191489361702128
disco,88,LDA,0.75,0.8111111111111111,0.30612244897959184
disco,91,LDA,0.75,0.8111111111111111,0.30612244897959184
disco,94,LDA,0.75,0.8111111111111111,0.30612244897959184
disco,97,LDA,0.75,0.8111111111111111,0.30612244897959184
disco,100,LDA,0.75,0.8,0.29411764705882354
disco,103,LDA,0.75,0.8,0.29411764705882354
disco,106,LDA,0.7,0.8055555555555556,0.2857142857142857
disco,109,LDA,0.8,0.8222222222222222,0.3333333333333333
disco,112,LDA,0.85,0.8111111111111111,0.3333333333333333
disco,115,LDA,0.85,0.8166666666666667,0.34
disco,118,LDA,0.8,0.8222222222222222,0.3333333333333333
disco,121,LDA,0.8,0.8277777777777777,0.3404255319148936
disco,124,LDA,0.8,0.8166666666666667,0.32653061224489793
disco,127,LDA,0.8,0.8277777777777777,0.3404255319148936
disco,130,LDA,0.8,0.8166666666666667,0.32653061224489793
disco,133,LDA,0.8,0.8222222222222222,0.3333333333333333
disco,136,LDA,0.8,0.8166666666666667,0.32653061224489793
disco,139,LDA,0.8,0.8277777777777777,0.3404255319148936
disco,142,LDA,0.9,0.8555555555555555,0.4090909090909091
disco,145,LDA,0.9,0.8444444444444444,0.391304347826087
disco,148,LDA,0.9,0.8444444444444444,0.391304347826087
disco,151,LDA,0.85,0.85,0.38636363636363635
disco,154,LDA,0.85,0.85,0.38636363636363635
disco,157,LDA,0.85,0.8555555555555555,0.3953488372093023
disco,160,LDA,0.85,0.8611111111111112,0.40476190476190477
disco,163,LDA,0.85,0.8388888888888889,0.3695652173913043
disco,166,LDA,0.9,0.8055555555555556,0.33962264150943394
disco,169,LDA,0.9,0.8388888888888889,0.3829787234042553
disco,172,LDA,0.85,0.85,0.38636363636363635
disco,175,LDA,0.9,0.8666666666666667,0.42857142857142855
disco,178,LDA,0.9,0.85,0.4
disco,181,LDA,0.9,0.8444444444444444,0.391304347826087
disco,184,LDA,0.9,0.85,0.4
disco,187,LDA,0.9,0.8555555555555555,0.4090909090909091
disco,190,LDA,0.9,0.8333333333333334,0.375
disco,193,LDA,0.9,0.8388888888888889,0.3829787234042553
disco,196,LDA,0.9,0.8444444444444444,0.391304347826087
hiphop,1,None,0.95,0.7222222222222222,0.2753623188405797
hiphop,4,None,0.55,0.8611111111111112,0.3055555555555556
hiphop,7,None,0.6,0.8722222222222222,0.34285714285714286
hiphop,10,None,0.6,0.8722222222222222,0.34285714285714286
hiphop,13,None,0.6,0.8722222222222222,0.34285714285714286
hiphop,16,None,0.6,0.8611111111111112,0.32432432432432434
hiphop,19,None,0.65,0.8555555555555555,0.3333333333333333
hiphop,22,None,0.6,0.8722222222222222,0.34285714285714286
hiphop,25,None,0.6,0.8555555555555555,0.3157894736842105
hiphop,28,None,0.55,0.8833333333333333,0.34375
hiphop,31,None,0.55,0.8777777777777778,0.3333333333333333
hiphop,34,None,0.55,0.8777777777777778,0.3333333333333333
hiphop,37,None,0.5,0.9055555555555556,0.37037037037037035
hiphop,40,None,0.5,0.9055555555555556,0.37037037037037035
hiphop,43,None,0.5,0.9,0.35714285714285715
hiphop,46,None,0.45,0.9277777777777778,0.4090909090909091
hiphop,49,None,0.55,0.9222222222222223,0.44
hiphop,52,None,0.55,0.9333333333333333,0.4782608695652174
hiphop,55,None,0.6,0.9388888888888889,0.5217391304347826
hiphop,58,None,0.6,0.9333333333333333,0.5
hiphop,61,None,0.6,0.9388888888888889,0.5217391304347826
hiphop,64,None,0.6,0.9388888888888889,0.5217391304347826
hiphop,67,None,0.5,0.9444444444444444,0.5
hiphop,70,None,0.55,0.9444444444444444,0.5238095238095238
hiphop,73,None,0.45,0.9444444444444444,0.47368421052631576
hiphop,76,None,0.4,0.9388888888888889,0.42105263157894735
hiphop,79,None,0.4,0.95,0.47058823529411764
hiphop,82,None,0.45,0.9388888888888889,0.45
hiphop,85,None,0.35,0.9333333333333333,0.3684210526315789
hiphop,88,None,0.4,0.9444444444444444,0.4444444444444444
hiphop,91,None,0.35,0.9555555555555556,0.4666666666666667
hiphop,94,None,0.3,0.9722222222222222,0.5454545454545454
hiphop,97,None,0.3,0.9777777777777777,0.6
hiphop,100,None,0.3,0.9722222222222222,0.5454545454545454
hiphop,103,None,0.3,0.9777777777777777,0.6
hiphop,106,None,0.2,0.9777777777777777,0.5
hiphop,109,None,0.2,0.9833333333333333,0.5714285714285714
hiphop,112,None,0.2,0.9833333333333333,0.5714285714285714
hiphop,115,None,0.15,0.9777777777777777,0.42857142857142855
hiphop,118,None,0.15,0.9777777777777777,0.42857142857142855
hiphop,121,None,0.1,0.9777777777777777,0.3333333333333333
hiphop,124,None,0.1,0.9777777777777777,0.3333333333333333
hiphop,127,None,0.15,0.9666666666666667,0.3333333333333333
hiphop,130,None,0.1,0.9777777777777777,0.3333333333333333
hiphop,133,None,0.1,0.9833333333333333,0.4
hiphop,136,None,0.1,0.9833333333333333,0.4
hiphop,139,None,0.05,0.9833333333333333,0.25
hiphop,142,None,Null,Null,Null
hiphop,145,None,Null,Null,Null
hiphop,148,None,Null,Null,Null
hiphop,151,None,Null,Null,Null
hiphop,154,None,Null,Null,Null
hiphop,157,None,Null,Null,Null
hiphop,160,None,Null,Null,Null
hiphop,163,None,Null,Null,Null
hiphop,166,None,Null,Null,Null
hiphop,169,None,Null,Null,Null
hiphop,172,None,Null,Null,Null
hiphop,175,None,Null,Null,Null
hiphop,178,None,Null,Null,Null
hiphop,181,None,Null,Null,Null
hiphop,184,None,Null,Null,Null
hiphop,187,None,Null,Null,Null
hiphop,190,None,Null,Null,Null
hiphop,193,None,Null,Null,Null
hiphop,196,None,Null,Null,Null
hiphop,1,PCA,1.0,0.0,0.1
hiphop,4,PCA,0.55,0.8555555555555555,0.2972972972972973
hiphop,7,PCA,0.6,0.8611111111111112,0.32432432432432434
hiphop,10,PCA,0.6,0.8611111111111112,0.32432432432432434
hiphop,13,PCA,0.6,0.8611111111111112,0.32432432432432434
hiphop,16,PCA,0.65,0.8611111111111112,0.34210526315789475
hiphop,19,PCA,0.65,0.8555555555555555,0.3333333333333333
hiphop,22,PCA,0.6,0.8722222222222222,0.34285714285714286
hiphop,25,PCA,0.6,0.8555555555555555,0.3157894736842105
hiphop,28,PCA,0.55,0.8833333333333333,0.34375
hiphop,31,PCA,0.55,0.8777777777777778,0.3333333333333333
hiphop,34,PCA,0.55,0.8777777777777778,0.3333333333333333
hiphop,37,PCA,0.5,0.9055555555555556,0.37037037037037035
hiphop,40,PCA,0.55,0.9055555555555556,0.39285714285714285
hiphop,43,PCA,0.5,0.9,0.35714285714285715
hiphop,46,PCA,0.45,0.9277777777777778,0.4090909090909091
hiphop,49,PCA,0.55,0.9055555555555556,0.39285714285714285
hiphop,52,PCA,0.5,0.9166666666666666,0.4
hiphop,55,PCA,0.45,0.9444444444444444,0.47368421052631576
hiphop,58,PCA,0.5,0.9277777777777778,0.43478260869565216
hiphop,61,PCA,0.5,0.9333333333333333,0.45454545454545453
hiphop,64,PCA,0.55,0.9444444444444444,0.5238095238095238
hiphop,67,PCA,0.5,0.9333333333333333,0.45454545454545453
hiphop,70,PCA,0.5,0.95,0.5263157894736842
hiphop,73,PCA,0.45,0.9444444444444444,0.47368421052631576
hiphop,76,PCA,0.45,0.9388888888888889,0.45
hiphop,79,PCA,0.4,0.9611111111111111,0.5333333333333333
hiphop,82,PCA,0.4,0.9388888888888889,0.42105263157894735
hiphop,85,PCA,0.3,0.9388888888888889,0.35294117647058826
hiphop,88,PCA,0.35,0.9444444444444444,0.4117647058823529
hiphop,91,PCA,0.3,0.9555555555555556,0.42857142857142855
hiphop,94,PCA,0.25,0.9611111111111111,0.4166666666666667
hiphop,97,PCA,0.3,0.9666666666666667,0.5
hiphop,100,PCA,0.3,0.9722222222222222,0.5454545454545454
hiphop,103,PCA,0.3,0.9722222222222222,0.5454545454545454
hiphop,106,PCA,0.15,0.9777777777777777,0.42857142857142855
hiphop,109,PCA,0.15,0.9833333333333333,0.5
hiphop,112,PCA,0.1,0.9833333333333333,0.4
hiphop,115,PCA,0.15,0.9666666666666667,0.3333333333333333
hiphop,118,PCA,0.15,0.9666666666666667,0.3333333333333333
hiphop,121,PCA,0.15,0.9666666666666667,0.3333333333333333
hiphop,124,PCA,0.15,0.9722222222222222,0.375
hiphop,127,PCA,0.15,0.9666666666666667,0.3333333333333333
hiphop,130,PCA,0.15,0.9722222222222222,0.375
hiphop,133,PCA,0.15,0.9833333333333333,0.5
hiphop,136,PCA,0.1,0.9888888888888889,0.5
hiphop,139,PCA,0.05,0.9888888888888889,0.3333333333333333
hiphop,142,PCA,0.05,0.9888888888888889,0.3333333333333333
hiphop,145,PCA,0.05,1.0,1.0
hiphop,148,PCA,0.1,1.0,1.0
hiphop,151,PCA,0.1,1.0,1.0
hiphop,154,PCA,0.0,1.0,nan
hiphop,157,PCA,0.0,1.0,nan
hiphop,160,PCA,0.0,1.0,nan
hiphop,163,PCA,0.0,1.0,nan
hiphop,166,PCA,0.0,1.0,nan
hiphop,169,PCA,0.0,1.0,nan
hiphop,172,PCA,0.0,1.0,nan
hiphop,175,PCA,0.0,1.0,nan
hiphop,178,PCA,0.0,1.0,nan
hiphop,181,PCA,0.0,1.0,nan
hiphop,184,PCA,0.0,1.0,nan
hiphop,187,PCA,0.0,1.0,nan
hiphop,190,PCA,0.0,1.0,nan
hiphop,193,PCA,0.0,1.0,nan
hiphop,196,PCA,0.0,1.0,nan
hiphop,1,LDA,0.95,0.7222222222222222,0.2753623188405797
hiphop,4,LDA,0.55,0.8611111111111112,0.3055555555555556
hiphop,7,LDA,0.55,0.8555555555555555,0.2972972972972973
hiphop,10,LDA,0.6,0.8555555555555555,0.3157894736842105
hiphop,13,LDA,0.65,0.85,0.325
hiphop,16,LDA,0.65,0.8722222222222222,0.3611111111111111
hiphop,19,LDA,0.7,0.8611111111111112,0.358974358974359
hiphop,22,LDA,0.65,0.8555555555555555,0.3333333333333333
hiphop,25,LDA,0.7,0.85,0.34146341463414637
hiphop,28,LDA,0.6,0.8888888888888888,0.375
hiphop,31,LDA,0.6,0.8944444444444445,0.3870967741935484
hiphop,34,LDA,0.6,0.8777777777777778,0.35294117647058826
hiphop,37,LDA,0.65,0.9,0.41935483870967744
hiphop,40,LDA,0.65,0.8888888888888888,0.3939393939393939
hiphop,43,LDA,0.7,0.8888888888888888,0.4117647058823529
hiphop,46,LDA,0.75,0.8888888888888888,0.42857142857142855
hiphop,49,LDA,0.75,0.8722222222222222,0.39473684210526316
hiphop,52,LDA,0.7,0.8666666666666667,0.3684210526315789
hiphop,55,LDA,0.75,0.9111111111111111,0.4838709677419355
hiphop,58,LDA,0.75,0.9277777777777778,0.5357142857142857
hiphop,61,LDA,0.75,0.9222222222222223,0.5172413793103449
hiphop,64,LDA,0.75,0.9166666666666666,0.5
hiphop,67,LDA,0.8,0.9166666666666666,0.5161290322580645
hiphop,70,LDA,0.75,0.9111111111111111,0.4838709677419355
hiphop,73,LDA,0.75,0.9,0.45454545454545453
hiphop,76,LDA,0.75,0.8888888888888888,0.42857142857142855
hiphop,79,LDA,0.75,0.8944444444444445,0.4411764705882353
hiphop,82,LDA,0.75,0.9,0.45454545454545453
hiphop,85,LDA,0.75,0.9055555555555556,0.46875
hiphop,88,LDA,0.7,0.9055555555555556,0.45161290322580644
hiphop,91,LDA,0.7,0.9,0.4375
hiphop,94,LDA,0.7,0.9055555555555556,0.45161290322580644
hiphop,97,LDA,0.7,0.9166666666666666,0.4827586206896552
hiphop,100,LDA,0.7,0.9111111111111111,0.4666666666666667
hiphop,103,LDA,0.7,0.9055555555555556,0.45161290322580644
hiphop,106,LDA,0.7,0.9166666666666666,0.4827586206896552
hiphop,109,LDA,0.7,0.9166666666666666,0.4827586206896552
hiphop,112,LDA,0.75,0.9111111111111111,0.4838709677419355
hiphop,115,LDA,0.7,0.9,0.4375
hiphop,118,LDA,0.75,0.9,0.45454545454545453
hiphop,121,LDA,0.7,0.8944444444444445,0.42424242424242425
hiphop,124,LDA,0.7,0.8833333333333333,0.4
hiphop,127,LDA,0.75,0.8944444444444445,0.4411764705882353
hiphop,130,LDA,0.7,0.8888888888888888,0.4117647058823529
hiphop,133,LDA,0.65,0.9,0.41935483870967744
hiphop,136,LDA,0.65,0.9,0.41935483870967744
hiphop,139,LDA,0.65,0.9055555555555556,0.43333333333333335
hiphop,142,LDA,0.6,0.9,0.4
hiphop,145,LDA,0.6,0.8888888888888888,0.375
hiphop,148,LDA,0.6,0.8888888888888888,0.375
hiphop,151,LDA,0.55,0.9,0.3793103448275862
hiphop,154,LDA,0.65,0.8888888888888888,0.3939393939393939
hiphop,157,LDA,0.6,0.8944444444444445,0.3870967741935484
hiphop,160,LDA,0.65,0.9055555555555556,0.43333333333333335
hiphop,163,LDA,0.65,0.9,0.41935483870967744
hiphop,166,LDA,0.75,0.9,0.45454545454545453
hiphop,169,LDA,0.75,0.8944444444444445,0.4411764705882353
hiphop,172,LDA,0.75,0.8944444444444445,0.4411764705882353
hiphop,175,LDA,0.65,0.9111111111111111,0.4482758620689655
hiphop,178,LDA,0.65,0.9111111111111111,0.4482758620689655
hiphop,181,LDA,0.65,0.9111111111111111,0.4482758620689655
hiphop,184,LDA,0.65,0.9,0.41935483870967744
hiphop,187,LDA,0.7,0.9,0.4375
hiphop,190,LDA,0.7,0.8888888888888888,0.4117647058823529
hiphop,193,LDA,0.75,0.8888888888888888,0.42857142857142855
hiphop,196,LDA,0.75,0.8833333333333333,0.4166666666666667
jazz,1,None,0.95,0.7166666666666667,0.2714285714285714
jazz,4,None,0.8,0.75,0.26229508196721313
jazz,7,None,0.8,0.8444444444444444,0.36363636363636365
jazz,10,None,0.85,0.8388888888888889,0.3695652173913043
jazz,13,None,0.9,0.85,0.4
jazz,16,None,0.9,0.8611111111111112,0.4186046511627907
jazz,19,None,0.85,0.8722222222222222,0.425
jazz,22,None,0.9,0.8777777777777778,0.45
jazz,25,None,0.85,0.9055555555555556,0.5
jazz,28,None,0.8,0.9166666666666666,0.5161290322580645
jazz,31,None,0.75,0.9111111111111111,0.4838709677419355
jazz,34,None,0.8,0.9111111111111111,0.5
jazz,37,None,0.8,0.9055555555555556,0.48484848484848486
jazz,40,None,0.75,0.9055555555555556,0.46875
jazz,43,None,0.75,0.9,0.45454545454545453
jazz,46,None,0.7,0.9111111111111111,0.4666666666666667
jazz,49,None,0.8,0.9277777777777778,0.5517241379310345
jazz,52,None,0.75,0.9333333333333333,0.5555555555555556
jazz,55,None,0.8,0.9444444444444444,0.6153846153846154
jazz,58,None,0.9,0.95,0.6666666666666666
jazz,61,None,0.75,0.9333333333333333,0.5555555555555556
jazz,64,None,0.7,0.9388888888888889,0.56
jazz,67,None,0.7,0.9555555555555556,0.6363636363636364
jazz,70,None,0.6,0.9555555555555556,0.6
jazz,73,None,0.65,0.9444444444444444,0.5652173913043478
jazz,76,None,0.55,0.95,0.55
jazz,79,None,0.55,0.9555555555555556,0.5789473684210527
jazz,82,None,0.55,0.9611111111111111,0.6111111111111112
jazz,85,None,0.6,0.95,0.5714285714285714
jazz,88,None,0.55,0.95,0.55
jazz,91,None,0.55,0.9555555555555556,0.5789473684210527
jazz,94,None,0.45,0.9555555555555556,0.5294117647058824
jazz,97,None,0.5,0.9555555555555556,0.5555555555555556
jazz,100,None,0.5,0.9611111111111111,0.5882352941176471
jazz,103,None,0.55,0.9722222222222222,0.6875
jazz,106,None,0.45,0.9722222222222222,0.6428571428571429
jazz,109,None,0.4,0.9722222222222222,0.6153846153846154
jazz,112,None,0.45,0.9777777777777777,0.6923076923076923
jazz,115,None,0.35,0.9722222222222222,0.5833333333333334
jazz,118,None,0.35,0.9777777777777777,0.6363636363636364
jazz,121,None,0.3,0.9888888888888889,0.75
jazz,124,None,0.25,0.9944444444444445,0.8333333333333334
jazz,127,None,0.15,0.9944444444444445,0.75
jazz,130,None,0.2,0.9888888888888889,0.6666666666666666
jazz,133,None,0.15,0.9888888888888889,0.6
jazz,136,None,0.1,0.9888888888888889,0.5
jazz,139,None,0.1,0.9944444444444445,0.6666666666666666
jazz,142,None,Null,Null,Null
jazz,145,None,Null,Null,Null
jazz,148,None,Null,Null,Null
jazz,151,None,Null,Null,Null
jazz,154,None,Null,Null,Null
jazz,157,None,Null,Null,Null
jazz,160,None,Null,Null,Null
jazz,163,None,Null,Null,Null
jazz,166,None,Null,Null,Null
jazz,169,None,Null,Null,Null
jazz,172,None,Null,Null,Null
jazz,175,None,Null,Null,Null
jazz,178,None,Null,Null,Null
jazz,181,None,Null,Null,Null
jazz,184,None,Null,Null,Null
jazz,187,None,Null,Null,Null
jazz,190,None,Null,Null,Null
jazz,193,None,Null,Null,Null
jazz,196,None,Null,Null,Null
jazz,1,PCA,1.0,0.0,0.1
jazz,4,PCA,0.9,0.7666666666666667,0.3
jazz,7,PCA,0.9,0.8,0.3333333333333333
jazz,10,PCA,0.85,0.8055555555555556,0.3269230769230769
jazz,13,PCA,0.85,0.8222222222222222,0.3469387755102041
jazz,16,PCA,0.85,0.8333333333333334,0.3617021276595745
jazz,19,PCA,0.85,0.8444444444444444,0.37777777777777777
jazz,22,PCA,0.95,0.8611111111111112,0.4318181818181818
jazz,25,PCA,0.8,0.9111111111111111,0.5
jazz,28,PCA,0.8,0.9,0.47058823529411764
jazz,31,PCA,0.85,0.9111111111111111,0.5151515151515151
jazz,34,PCA,0.8,0.9166666666666666,0.5161290322580645
jazz,37,PCA,0.85,0.9111111111111111,0.5151515151515151
jazz,40,PCA,0.85,0.9166666666666666,0.53125
jazz,43,PCA,0.85,0.9,0.4857142857142857
jazz,46,PCA,0.8,0.9333333333333333,0.5714285714285714
jazz,49,PCA,0.85,0.9388888888888889,0.6071428571428571
jazz,52,PCA,0.75,0.9222222222222223,0.5172413793103449
jazz,55,PCA,0.85,0.9277777777777778,0.5666666666666667
jazz,58,PCA,0.9,0.95,0.6666666666666666
jazz,61,PCA,0.75,0.9222222222222223,0.5172413793103449
jazz,64,PCA,0.7,0.9388888888888889,0.56
jazz,67,PCA,0.7,0.9611111111111111,0.6666666666666666
jazz,70,PCA,0.6,0.9611111111111111,0.631578947368421
jazz,73,PCA,0.65,0.9444444444444444,0.5652173913043478
jazz,76,PCA,0.55,0.9555555555555556,0.5789473684210527
jazz,79,PCA,0.55,0.9555555555555556,0.5789473684210527
jazz,82,PCA,0.55,0.9611111111111111,0.6111111111111112
jazz,85,PCA,0.55,0.9555555555555556,0.5789473684210527
jazz,88,PCA,0.5,0.9555555555555556,0.5555555555555556
jazz,91,PCA,0.5,0.95,0.5263157894736842
jazz,94,PCA,0.45,0.9555555555555556,0.5294117647058824
jazz,97,PCA,0.45,0.9555555555555556,0.5294117647058824
jazz,100,PCA,0.45,0.9555555555555556,0.5294117647058824
jazz,103,PCA,0.5,0.9722222222222222,0.6666666666666666
jazz,106,PCA,0.5,0.9722222222222222,0.6666666666666666
jazz,109,PCA,0.4,0.9666666666666667,0.5714285714285714
jazz,112,PCA,0.4,0.9666666666666667,0.5714285714285714
jazz,115,PCA,0.35,0.9722222222222222,0.5833333333333334
jazz,118,PCA,0.35,0.9833333333333333,0.7
jazz,121,PCA,0.3,0.9888888888888889,0.75
jazz,124,PCA,0.25,0.9944444444444445,0.8333333333333334
jazz,127,PCA,0.25,0.9944444444444445,0.8333333333333334
jazz,130,PCA,0.2,0.9888888888888889,0.6666666666666666
jazz,133,PCA,0.1,0.9888888888888889,0.5
jazz,136,PCA,0.1,0.9888888888888889,0.5
jazz,139,PCA,0.1,0.9944444444444445,0.6666666666666666
jazz,142,PCA,0.05,0.9944444444444445,0.5
jazz,145,PCA,0.05,0.9944444444444445,0.5
jazz,148,PCA,0.1,1.0,1.0
jazz,151,PCA,0.05,1.0,1.0
jazz,154,PCA,0.05,1.0,1.0
jazz,157,PCA,0.0,1.0,nan
jazz,160,PCA,0.0,1.0,nan
jazz,163,PCA,0.0,1.0,nan
jazz,166,PCA,0.0,1.0,nan
jazz,169,PCA,0.0,1.0,nan
jazz,172,PCA,0.0,1.0,nan
jazz,175,PCA,0.0,1.0,nan
jazz,178,PCA,0.0,1.0,nan
jazz,181,PCA,0.0,1.0,nan
jazz,184,PCA,0.0,1.0,nan
jazz,187,PCA,0.0,1.0,nan
jazz,190,PCA,0.0,1.0,nan
jazz,193,PCA,0.0,1.0,nan
jazz,196,PCA,0.0,1.0,nan
jazz,1,LDA,0.95,0.7166666666666667,0.2714285714285714
jazz,4,LDA,0.8,0.75,0.26229508196721313
jazz,7,LDA,0.8,0.8055555555555556,0.3137254901960784
jazz,10,LDA,0.9,0.8111111111111111,0.34615384615384615
jazz,13,LDA,0.9,0.8333333333333334,0.375
jazz,16,LDA,0.95,0.8222222222222222,0.37254901960784315
jazz,19,LDA,0.9,0.8222222222222222,0.36
jazz,22,LDA,0.95,0.8555555555555555,0.4222222222222222
jazz,25,LDA,0.95,0.9055555555555556,0.5277777777777778
jazz,28,LDA,0.9,0.8888888888888888,0.47368421052631576
jazz,31,LDA,1.0,0.8888888888888888,0.5
jazz,34,LDA,1.0,0.8944444444444445,0.5128205128205128
jazz,37,LDA,1.0,0.8944444444444445,0.5128205128205128
jazz,40,LDA,1.0,0.8944444444444445,0.5128205128205128
jazz,43,LDA,1.0,0.8944444444444445,0.5128205128205128
jazz,46,LDA,0.95,0.9111111111111111,0.5428571428571428
jazz,49,LDA,0.95,0.9166666666666666,0.5588235294117647
jazz,52,LDA,0.95,0.9,0.5135135135135135
jazz,55,LDA,0.95,0.9111111111111111,0.5428571428571428
jazz,58,LDA,0.95,0.9166666666666666,0.5588235294117647
jazz,61,LDA,0.95,0.9055555555555556,0.5277777777777778
jazz,64,LDA,0.9,0.9166666666666666,0.5454545454545454
jazz,67,LDA,0.9,0.9111111111111111,0.5294117647058824
jazz,70,LDA,0.9,0.9055555555555556,0.5142857142857142
jazz,73,LDA,0.95,0.9,0.5135135135135135
jazz,76,LDA,0.95,0.8944444444444445,0.5
jazz,79,LDA,0.9,0.9,0.5
jazz,82,LDA,0.85,0.8944444444444445,0.4722222222222222
jazz,85,LDA,0.85,0.9,0.4857142857142857
jazz,88,LDA,0.85,0.9,0.4857142857142857
jazz,91,LDA,0.85,0.9,0.4857142857142857
jazz,94,LDA,0.85,0.9,0.4857142857142857
jazz,97,LDA,0.85,0.8944444444444445,0.4722222222222222
jazz,100,LDA,0.85,0.8944444444444445,0.4722222222222222
jazz,103,LDA,0.8,0.8888888888888888,0.4444444444444444
jazz,106,LDA,0.8,0.8944444444444445,0.45714285714285713
jazz,109,LDA,0.85,0.8888888888888888,0.4594594594594595
jazz,112,LDA,0.9,0.8833333333333333,0.46153846153846156
jazz,115,LDA,0.9,0.8888888888888888,0.47368421052631576
jazz,118,LDA,0.9,0.8944444444444445,0.4864864864864865
jazz,121,LDA,0.9,0.8888888888888888,0.47368421052631576
jazz,124,LDA,0.9,0.8944444444444445,0.4864864864864865
jazz,127,LDA,0.85,0.8944444444444445,0.4722222222222222
jazz,130,LDA,0.85,0.8944444444444445,0.4722222222222222
jazz,133,LDA,0.85,0.9111111111111111,0.5151515151515151
jazz,136,LDA,0.85,0.9222222222222223,0.5483870967741935
jazz,139,LDA,0.85,0.9166666666666666,0.53125
jazz,142,LDA,0.9,0.9222222222222223,0.5625
jazz,145,LDA,0.9,0.9222222222222223,0.5625
jazz,148,LDA,0.85,0.9277777777777778,0.5666666666666667
jazz,151,LDA,0.85,0.9333333333333333,0.5862068965517241
jazz,154,LDA,0.85,0.9333333333333333,0.5862068965517241
jazz,157,LDA,0.85,0.9333333333333333,0.5862068965517241
jazz,160,LDA,0.85,0.9333333333333333,0.5862068965517241
jazz,163,LDA,0.85,0.9333333333333333,0.5862068965517241
jazz,166,LDA,0.85,0.9444444444444444,0.6296296296296297
jazz,169,LDA,0.85,0.95,0.6538461538461539
jazz,172,LDA,0.85,0.9555555555555556,0.68
jazz,175,LDA,0.85,0.9611111111111111,0.7083333333333334
jazz,178,LDA,0.9,0.95,0.6666666666666666
jazz,181,LDA,0.9,0.9444444444444444,0.6428571428571429
jazz,184,LDA,0.9,0.9555555555555556,0.6923076923076923
jazz,187,LDA,0.9,0.9555555555555556,0.6923076923076923
jazz,190,LDA,0.9,0.9277777777777778,0.5806451612903226
jazz,193,LDA,0.9,0.9277777777777778,0.5806451612903226
jazz,196,LDA,0.9,0.9333333333333333,0.6
metal,1,None,0.85,0.7277777777777777,0.25757575757575757
metal,4,None,0.85,0.8944444444444445,0.4722222222222222
metal,7,None,0.95,0.8944444444444445,0.5
metal,10,None,0.8,0.9333333333333333,0.5714285714285714
metal,13,None,0.85,0.9388888888888889,0.6071428571428571
metal,16,None,0.8,0.9388888888888889,0.5925925925925926
metal,19,None,0.75,0.9388888888888889,0.5769230769230769
metal,22,None,0.7,0.9333333333333333,0.5384615384615384
metal,25,None,0.65,0.95,0.5909090909090909
metal,28,None,0.6,0.9666666666666667,0.6666666666666666
metal,31,None,0.65,0.9611111111111111,0.65
metal,34,None,0.65,0.9611111111111111,0.65
metal,37,None,0.7,0.9666666666666667,0.7
metal,40,None,0.65,0.9555555555555556,0.6190476190476191
metal,43,None,0.65,0.9555555555555556,0.6190476190476191
metal,46,None,0.65,0.9555555555555556,0.6190476190476191
metal,49,None,0.65,0.9611111111111111,0.65
metal,52,None,0.6,0.9722222222222222,0.7058823529411765
metal,55,None,0.6,0.9777777777777777,0.75
metal,58,None,0.6,0.9666666666666667,0.6666666666666666
metal,61,None,0.6,0.9666666666666667,0.6666666666666666
metal,64,None,0.6,0.9722222222222222,0.7058823529411765
metal,67,None,0.5,0.9777777777777777,0.7142857142857143
metal,70,None,0.45,0.9722222222222222,0.6428571428571429
metal,73,None,0.45,0.9833333333333333,0.75
metal,76,None,0.45,0.9833333333333333,0.75
metal,79,None,0.5,0.9833333333333333,0.7692307692307693
metal,82,None,0.5,0.9833333333333333,0.7692307692307693
metal,85,None,0.45,0.9888888888888889,0.8181818181818182
metal,88,None,0.45,0.9833333333333333,0.75
metal,91,None,0.4,0.9888888888888889,0.8
metal,94,None,0.4,0.9888888888888889,0.8
metal,97,None,0.4,0.9833333333333333,0.7272727272727273
metal,100,None,0.3,0.9833333333333333,0.6666666666666666
metal,103,None,0.35,0.9833333333333333,0.7
metal,106,None,0.35,0.9833333333333333,0.7
metal,109,None,0.3,0.9888888888888889,0.75
metal,112,None,0.3,0.9944444444444445,0.8571428571428571
metal,115,None,0.35,0.9888888888888889,0.7777777777777778
metal,118,None,0.35,0.9944444444444445,0.875
metal,121,None,0.3,0.9888888888888889,0.75
metal,124,None,0.3,0.9944444444444445,0.8571428571428571
metal,127,None,0.3,0.9944444444444445,0.8571428571428571
metal,130,None,0.2,0.9944444444444445,0.8
metal,133,None,0.2,0.9944444444444445,0.8
metal,136,None,0.2,1.0,1.0
metal,139,None,0.1,1.0,1.0
metal,142,None,0.1,1.0,1.0
metal,145,None,0.1,1.0,1.0
metal,148,None,0.05,1.0,1.0
metal,151,None,0.0,1.0,nan
metal,154,None,0.0,1.0,nan
metal,157,None,0.0,1.0,nan
metal,160,None,0.0,1.0,nan
metal,163,None,0.0,1.0,nan
metal,166,None,0.0,1.0,nan
metal,169,None,0.0,1.0,nan
metal,172,None,0.0,1.0,nan
metal,175,None,0.0,1.0,nan
metal,178,None,0.0,1.0,nan
metal,181,None,Null,Null,Null
metal,184,None,Null,Null,Null
metal,187,None,Null,Null,Null
metal,190,None,Null,Null,Null
metal,193,None,Null,Null,Null
metal,196,None,Null,Null,Null
metal,1,PCA,1.0,0.0,0.1
metal,4,PCA,0.9,0.8611111111111112,0.4186046511627907
metal,7,PCA,0.85,0.8944444444444445,0.4722222222222222
metal,10,PCA,0.75,0.9388888888888889,0.5769230769230769
metal,13,PCA,0.75,0.9333333333333333,0.5555555555555556
metal,16,PCA,0.8,0.9388888888888889,0.5925925925925926
metal,19,PCA,0.7,0.9277777777777778,0.5185185185185185
metal,22,PCA,0.75,0.9388888888888889,0.5769230769230769
metal,25,PCA,0.7,0.9444444444444444,0.5833333333333334
metal,28,PCA,0.7,0.9722222222222222,0.7368421052631579
metal,31,PCA,0.7,0.9611111111111111,0.6666666666666666
metal,34,PCA,0.65,0.9666666666666667,0.6842105263157895
metal,37,PCA,0.7,0.9611111111111111,0.6666666666666666
metal,40,PCA,0.65,0.9555555555555556,0.6190476190476191
metal,43,PCA,0.65,0.9555555555555556,0.6190476190476191
metal,46,PCA,0.65,0.9555555555555556,0.6190476190476191
metal,49,PCA,0.6,0.9611111111111111,0.631578947368421
metal,52,PCA,0.65,0.9611111111111111,0.65
metal,55,PCA,0.7,0.9666666666666667,0.7
metal,58,PCA,0.7,0.9666666666666667,0.7
metal,61,PCA,0.65,0.9666666666666667,0.6842105263157895
metal,64,PCA,0.6,0.9722222222222222,0.7058823529411765
metal,67,PCA,0.55,0.9777777777777777,0.7333333333333333
metal,70,PCA,0.6,0.9833333333333333,0.8
metal,73,PCA,0.6,0.9833333333333333,0.8
metal,76,PCA,0.55,0.9777777777777777,0.7333333333333333
metal,79,PCA,0.55,0.9944444444444445,0.9166666666666666
metal,82,PCA,0.55,0.9944444444444445,0.9166666666666666
metal,85,PCA,0.45,0.9888888888888889,0.8181818181818182
metal,88,PCA,0.45,0.9722222222222222,0.6428571428571429
metal,91,PCA,0.45,0.9888888888888889,0.8181818181818182
metal,94,PCA,0.5,0.9888888888888889,0.8333333333333334
metal,97,PCA,0.4,0.9833333333333333,0.7272727272727273
metal,100,PCA,0.3,0.9888888888888889,0.75
metal,103,PCA,0.35,0.9833333333333333,0.7
metal,106,PCA,0.35,0.9833333333333333,0.7
metal,109,PCA,0.35,0.9944444444444445,0.875
metal,112,PCA,0.3,0.9944444444444445,0.8571428571428571
metal,115,PCA,0.3,0.9944444444444445,0.8571428571428571
metal,118,PCA,0.3,0.9944444444444445,0.8571428571428571
metal,121,PCA,0.3,0.9944444444444445,0.8571428571428571
metal,124,PCA,0.3,0.9944444444444445,0.8571428571428571
metal,127,PCA,0.3,0.9888888888888889,0.75
metal,130,PCA,0.25,0.9944444444444445,0.8333333333333334
metal,133,PCA,0.2,0.9944444444444445,0.8
metal,136,PCA,0.25,1.0,1.0
metal,139,PCA,0.15,1.0,1.0
metal,142,PCA,0.1,1.0,1.0
metal,145,PCA,0.1,1.0,1.0
metal,148,PCA,0.15,1.0,1.0
metal,151,PCA,0.05,1.0,1.0
metal,154,PCA,0.05,1.0,1.0
metal,157,PCA,0.0,1.0,nan
metal,160,PCA,0.0,1.0,nan
metal,163,PCA,0.0,1.0,nan
metal,166,PCA,0.0,1.0,nan
metal,169,PCA,0.0,1.0,nan
metal,172,PCA,0.0,1.0,nan
metal,175,PCA,0.0,1.0,nan
metal,178,PCA,0.0,1.0,nan
metal,181,PCA,0.0,1.0,nan
metal,184,PCA,0.0,1.0,nan
metal,187,PCA,0.0,1.0,nan
metal,190,PCA,0.0,1.0,nan
metal,193,PCA,0.0,1.0,nan
metal,196,PCA,0.0,1.0,nan
metal,1,LDA,0.85,0.7277777777777777,0.25757575757575757
metal,4,LDA,0.85,0.8944444444444445,0.4722222222222222
metal,7,LDA,0.9,0.9,0.5
metal,10,LDA,0.8,0.9333333333333333,0.5714285714285714
metal,13,LDA,0.8,0.9388888888888889,0.5925925925925926
metal,16,LDA,0.8,0.9333333333333333,0.5714285714285714
metal,19,LDA,0.85,0.9333333333333333,0.5862068965517241
metal,22,LDA,0.8,0.9333333333333333,0.5714285714285714
metal,25,LDA,0.8,0.9277777777777778,0.5517241379310345
metal,28,LDA,0.8,0.9444444444444444,0.6153846153846154
metal,31,LDA,0.8,0.9388888888888889,0.5925925925925926
metal,34,LDA,0.8,0.9555555555555556,0.6666666666666666
metal,37,LDA,0.85,0.9611111111111111,0.7083333333333334
metal,40,LDA,0.8,0.9611111111111111,0.6956521739130435
metal,43,LDA,0.8,0.9611111111111111,0.6956521739130435
metal,46,LDA,0.8,0.9611111111111111,0.6956521739130435
metal,49,LDA,0.8,0.9611111111111111,0.6956521739130435
metal,52,LDA,0.8,0.9666666666666667,0.7272727272727273
metal,55,LDA,0.8,0.9722222222222222,0.7619047619047619
metal,58,LDA,0.8,0.9722222222222222,0.7619047619047619
metal,61,LDA,0.8,0.9722222222222222,0.7619047619047619
metal,64,LDA,0.8,0.9666666666666667,0.7272727272727273
metal,67,LDA,0.8,0.9722222222222222,0.7619047619047619
metal,70,LDA,0.8,0.9722222222222222,0.7619047619047619
metal,73,LDA,0.85,0.9666666666666667,0.7391304347826086
metal,76,LDA,0.85,0.9666666666666667,0.7391304347826086
metal,79,LDA,0.85,0.9666666666666667,0.7391304347826086
metal,82,LDA,0.85,0.9666666666666667,0.7391304347826086
metal,85,LDA,0.85,0.9666666666666667,0.7391304347826086
metal,88,LDA,0.8,0.9666666666666667,0.7272727272727273
metal,91,LDA,0.75,0.9666666666666667,0.7142857142857143
metal,94,LDA,0.75,0.9666666666666667,0.7142857142857143
metal,97,LDA,0.75,0.9666666666666667,0.7142857142857143
metal,100,LDA,0.8,0.9611111111111111,0.6956521739130435
metal,103,LDA,0.75,0.9611111111111111,0.6818181818181818
metal,106,LDA,0.75,0.9555555555555556,0.6521739130434783
metal,109,LDA,0.85,0.9722222222222222,0.7727272727272727
metal,112,LDA,0.85,0.9722222222222222,0.7727272727272727
metal,115,LDA,0.8,0.9666666666666667,0.7272727272727273
metal,118,LDA,0.8,0.9722222222222222,0.7619047619047619
metal,121,LDA,0.75,0.9611111111111111,0.6818181818181818
metal,124,LDA,0.75,0.9611111111111111,0.6818181818181818
metal,127,LDA,0.75,0.9611111111111111,0.6818181818181818
metal,130,LDA,0.75,0.9666666666666667,0.7142857142857143
metal,133,LDA,0.8,0.9666666666666667,0.7272727272727273
metal,136,LDA,0.8,0.9666666666666667,0.7272727272727273
metal,139,LDA,0.75,0.9722222222222222,0.75
metal,142,LDA,0.75,0.9722222222222222,0.75
metal,145,LDA,0.8,0.9722222222222222,0.7619047619047619
metal,148,LDA,0.8,0.9722222222222222,0.7619047619047619
metal,151,LDA,0.8,0.9666666666666667,0.7272727272727273
metal,154,LDA,0.8,0.9722222222222222,0.7619047619047619
metal,157,LDA,0.8,0.9722222222222222,0.7619047619047619
metal,160,LDA,0.8,0.9722222222222222,0.7619047619047619
metal,163,LDA,0.8,0.9722222222222222,0.7619047619047619
metal,166,LDA,0.75,0.9722222222222222,0.75
metal,169,LDA,0.7,0.9722222222222222,0.7368421052631579
metal,172,LDA,0.75,0.9722222222222222,0.75
metal,175,LDA,0.7,0.9722222222222222,0.7368421052631579
metal,178,LDA,0.7,0.9722222222222222,0.7368421052631579
metal,181,LDA,0.7,0.9722222222222222,0.7368421052631579
metal,184,LDA,0.7,0.9722222222222222,0.7368421052631579
metal,187,LDA,0.7,0.9722222222222222,0.7368421052631579
metal,190,LDA,0.7,0.9666666666666667,0.7
metal,193,LDA,0.7,0.9666666666666667,0.7
metal,196,LDA,0.75,0.9611111111111111,0.6818181818181818
pop,1,None,0.7222222222222222,0.95,0.9923664122137404
pop,4,None,0.8388888888888889,0.8,0.9741935483870968
pop,7,None,0.8666666666666667,0.85,0.9811320754716981
pop,10,None,0.8833333333333333,0.9,0.9875776397515528
pop,13,None,0.8944444444444445,0.85,0.9817073170731707
pop,16,None,0.9055555555555556,0.95,0.9939024390243902
pop,19,None,0.8833333333333333,0.85,0.9814814814814815
pop,22,None,0.9,0.9,0.9878048780487805
pop,25,None,0.9,0.9,0.9878048780487805
pop,28,None,0.9166666666666666,0.95,0.9939759036144579
pop,31,None,0.9055555555555556,0.9,0.9878787878787879
pop,34,None,0.9333333333333333,0.9,0.9882352941176471
pop,37,None,0.9333333333333333,0.8,0.9767441860465116
pop,40,None,0.9388888888888889,0.85,0.9825581395348837
pop,43,None,0.95,0.8,0.9771428571428571
pop,46,None,0.9555555555555556,0.85,0.9828571428571429
pop,49,None,0.9444444444444444,0.75,0.9714285714285714
pop,52,None,0.95,0.8,0.9771428571428571
pop,55,None,0.9555555555555556,0.85,0.9828571428571429
pop,58,None,0.9444444444444444,0.8,0.9770114942528736
pop,61,None,0.9444444444444444,0.75,0.9714285714285714
pop,64,None,0.9777777777777777,0.4,0.9361702127659575
pop,67,None,0.9833333333333333,0.4,0.9365079365079365
pop,70,None,0.9833333333333333,0.4,0.9365079365079365
pop,73,None,0.9833333333333333,0.35,0.9315789473684211
pop,76,None,0.9888888888888889,0.3,0.9270833333333334
pop,79,None,0.9944444444444445,0.3,0.927461139896373
pop,82,None,0.9944444444444445,0.25,0.9226804123711341
pop,85,None,0.9944444444444445,0.25,0.9226804123711341
pop,88,None,1.0,0.25,0.9230769230769231
pop,91,None,1.0,0.25,0.9230769230769231
pop,94,None,1.0,0.2,0.9183673469387755
pop,97,None,1.0,0.2,0.9183673469387755
pop,100,None,0.9944444444444445,0.2,0.9179487179487179
pop,103,None,0.9944444444444445,0.2,0.9179487179487179
pop,106,None,0.9888888888888889,0.2,0.9175257731958762
pop,109,None,0.9944444444444445,0.1,0.9086294416243654
pop,112,None,0.9944444444444445,0.1,0.9086294416243654
pop,115,None,0.9944444444444445,0.2,0.9179487179487179
pop,118,None,0.9944444444444445,0.15,0.9132653061224489
pop,121,None,1.0,0.05,0.9045226130653267
pop,124,None,1.0,0.05,0.9045226130653267
pop,127,None,1.0,0.05,0.9045226130653267
pop,130,None,1.0,0.05,0.9045226130653267
pop,133,None,1.0,0.05,0.9045226130653267
pop,136,None,1.0,0.0,0.9
pop,139,None,1.0,0.0,0.9
pop,142,None,1.0,0.0,0.9
pop,145,None,1.0,0.0,0.9
pop,148,None,1.0,0.0,0.9
pop,151,None,1.0,0.0,0.9
pop,154,None,1.0,0.0,0.9
pop,157,None,1.0,0.0,0.9
pop,160,None,1.0,0.0,0.9
pop,163,None,1.0,0.0,0.9
pop,166,None,1.0,0.0,0.9
pop,169,None,1.0,0.0,0.9
pop,172,None,1.0,0.0,0.9
pop,175,None,Null,Null,Null
pop,178,None,Null,Null,Null
pop,181,None,Null,Null,Null
pop,184,None,Null,Null,Null
pop,187,None,Null,Null,Null
pop,190,None,Null,Null,Null
pop,193,None,Null,Null,Null
pop,196,None,Null,Null,Null
pop,1,PCA,0.0,1.0,nan
pop,4,PCA,0.8055555555555556,0.85,0.9797297297297297
pop,7,PCA,0.8555555555555555,0.8,0.9746835443037974
pop,10,PCA,0.8833333333333333,0.9,0.9875776397515528
pop,13,PCA,0.8944444444444445,0.85,0.9817073170731707
pop,16,PCA,0.8833333333333333,0.85,0.9814814814814815
pop,19,PCA,0.8888888888888888,0.85,0.9815950920245399
pop,22,PCA,0.9,0.9,0.9878048780487805
pop,25,PCA,0.9,0.9,0.9878048780487805
pop,28,PCA,0.9166666666666666,0.9,0.9880239520958084
pop,31,PCA,0.9111111111111111,0.9,0.9879518072289156
pop,34,PCA,0.9333333333333333,0.85,0.9824561403508771
pop,37,PCA,0.9388888888888889,0.8,0.976878612716763
pop,40,PCA,0.9388888888888889,0.85,0.9825581395348837
pop,43,PCA,0.95,0.85,0.9827586206896551
pop,46,PCA,0.9444444444444444,0.85,0.9826589595375722
pop,49,PCA,0.9388888888888889,0.8,0.976878612716763
pop,52,PCA,0.95,0.8,0.9771428571428571
pop,55,PCA,0.95,0.85,0.9827586206896551
pop,58,PCA,0.95,0.8,0.9771428571428571
pop,61,PCA,0.95,0.75,0.9715909090909091
pop,64,PCA,0.9833333333333333,0.4,0.9365079365079365
pop,67,PCA,0.9777777777777777,0.4,0.9361702127659575
pop,70,PCA,0.9833333333333333,0.4,0.9365079365079365
pop,73,PCA,0.9833333333333333,0.35,0.9315789473684211
pop,76,PCA,0.9888888888888889,0.35,0.9319371727748691
pop,79,PCA,0.9944444444444445,0.3,0.927461139896373
pop,82,PCA,0.9944444444444445,0.25,0.9226804123711341
pop,85,PCA,0.9944444444444445,0.3,0.927461139896373
pop,88,PCA,0.9944444444444445,0.3,0.927461139896373
pop,91,PCA,0.9944444444444445,0.3,0.927461139896373
pop,94,PCA,1.0,0.25,0.9230769230769231
pop,97,PCA,0.9944444444444445,0.2,0.9179487179487179
pop,100,PCA,0.9944444444444445,0.2,0.9179487179487179
pop,103,PCA,0.9944444444444445,0.2,0.9179487179487179
pop,106,PCA,0.9833333333333333,0.2,0.917098445595855
pop,109,PCA,0.9888888888888889,0.1,0.9081632653061225
pop,112,PCA,0.9944444444444445,0.15,0.9132653061224489
pop,115,PCA,0.9944444444444445,0.2,0.9179487179487179
pop,118,PCA,0.9944444444444445,0.15,0.9132653061224489
pop,121,PCA,1.0,0.05,0.9045226130653267
pop,124,PCA,1.0,0.05,0.9045226130653267
pop,127,PCA,0.9944444444444445,0.05,0.9040404040404041
pop,130,PCA,0.9944444444444445,0.05,0.9040404040404041
pop,133,PCA,0.9888888888888889,0.05,0.9035532994923858
pop,136,PCA,0.9944444444444445,0.0,0.8994974874371859
pop,139,PCA,0.9944444444444445,0.0,0.8994974874371859
pop,142,PCA,0.9944444444444445,0.0,0.8994974874371859
pop,145,PCA,0.9944444444444445,0.0,0.8994974874371859
pop,148,PCA,1.0,0.0,0.9
pop,151,PCA,1.0,0.0,0.9
pop,154,PCA,1.0,0.0,0.9
pop,157,PCA,1.0,0.0,0.9
pop,160,PCA,1.0,0.0,0.9
pop,163,PCA,1.0,0.0,0.9
pop,166,PCA,1.0,0.0,0.9
pop,169,PCA,1.0,0.0,0.9
pop,172,PCA,1.0,0.0,0.9
pop,175,PCA,1.0,0.0,0.9
pop,178,PCA,1.0,0.0,0.9
pop,181,PCA,1.0,0.0,0.9
pop,184,PCA,1.0,0.0,0.9
pop,187,PCA,1.0,0.0,0.9
pop,190,PCA,1.0,0.0,0.9
pop,193,PCA,1.0,0.0,0.9
pop,196,PCA,1.0,0.0,0.9
pop,1,LDA,0.7222222222222222,0.95,0.9923664122137404
pop,4,LDA,0.8388888888888889,0.8,0.9741935483870968
pop,7,LDA,0.8666666666666667,0.8,0.975
pop,10,LDA,0.8944444444444445,0.95,0.9938271604938271
pop,13,LDA,0.8944444444444445,0.95,0.9938271604938271
pop,16,LDA,0.8944444444444445,0.95,0.9938271604938271
pop,19,LDA,0.9,0.9,0.9878048780487805
pop,22,LDA,0.8888888888888888,0.9,0.9876543209876543
pop,25,LDA,0.8944444444444445,0.9,0.9877300613496932
pop,28,LDA,0.9222222222222223,0.9,0.9880952380952381
pop,31,LDA,0.9222222222222223,0.9,0.9880952380952381
pop,34,LDA,0.9166666666666666,0.9,0.9880239520958084
pop,37,LDA,0.9277777777777778,0.9,0.9881656804733728
pop,40,LDA,0.9388888888888889,0.75,0.9712643678160919
pop,43,LDA,0.9388888888888889,0.8,0.976878612716763
pop,46,LDA,0.9388888888888889,0.8,0.976878612716763
pop,49,LDA,0.9388888888888889,0.8,0.976878612716763
pop,52,LDA,0.9388888888888889,0.7,0.9657142857142857
pop,55,LDA,0.9444444444444444,0.75,0.9714285714285714
pop,58,LDA,0.9444444444444444,0.75,0.9714285714285714
pop,61,LDA,0.9444444444444444,0.75,0.9714285714285714
pop,64,LDA,0.9444444444444444,0.8,0.9770114942528736
pop,67,LDA,0.95,0.8,0.9771428571428571
pop,70,LDA,0.95,0.8,0.9771428571428571
pop,73,LDA,0.95,0.8,0.9771428571428571
pop,76,LDA,0.95,0.8,0.9771428571428571
pop,79,LDA,0.95,0.8,0.9771428571428571
pop,82,LDA,0.95,0.8,0.9771428571428571
pop,85,LDA,0.95,0.75,0.9715909090909091
pop,88,LDA,0.95,0.75,0.9715909090909091
pop,91,LDA,0.9444444444444444,0.8,0.9770114942528736
pop,94,LDA,0.9444444444444444,0.8,0.9770114942528736
pop,97,LDA,0.9444444444444444,0.8,0.9770114942528736
pop,100,LDA,0.9444444444444444,0.8,0.9770114942528736
pop,103,LDA,0.9444444444444444,0.8,0.9770114942528736
pop,106,LDA,0.95,0.8,0.9771428571428571
pop,109,LDA,0.9555555555555556,0.75,0.9717514124293786
pop,112,LDA,0.95,0.75,0.9715909090909091
pop,115,LDA,0.95,0.75,0.9715909090909091
pop,118,LDA,0.95,0.75,0.9715909090909091
pop,121,LDA,0.95,0.75,0.9715909090909091
pop,124,LDA,0.95,0.75,0.9715909090909091
pop,127,LDA,0.95,0.75,0.9715909090909091
pop,130,LDA,0.95,0.75,0.9715909090909091
pop,133,LDA,0.95,0.75,0.9715909090909091
pop,136,LDA,0.95,0.75,0.9715909090909091
pop,139,LDA,0.95,0.75,0.9715909090909091
pop,142,LDA,0.95,0.75,0.9715909090909091
pop,145,LDA,0.95,0.75,0.9715909090909091
pop,148,LDA,0.9555555555555556,0.75,0.9717514124293786
pop,151,LDA,0.9555555555555556,0.75,0.9717514124293786
pop,154,LDA,0.9611111111111111,0.75,0.9719101123595506
pop,157,LDA,0.9611111111111111,0.75,0.9719101123595506
pop,160,LDA,0.9555555555555556,0.75,0.9717514124293786
pop,163,LDA,0.95,0.75,0.9715909090909091
pop,166,LDA,0.9444444444444444,0.75,0.9714285714285714
pop,169,LDA,0.9444444444444444,0.75,0.9714285714285714
pop,172,LDA,0.9444444444444444,0.75,0.9714285714285714
pop,175,LDA,0.95,0.75,0.9715909090909091
pop,178,LDA,0.95,0.75,0.9715909090909091
pop,181,LDA,0.95,0.75,0.9715909090909091
pop,184,LDA,0.9555555555555556,0.75,0.9717514124293786
pop,187,LDA,0.9555555555555556,0.75,0.9717514124293786
pop,190,LDA,0.9555555555555556,0.75,0.9717514124293786
pop,193,LDA,0.9555555555555556,0.75,0.9717514124293786
pop,196,LDA,0.9555555555555556,0.75,0.9717514124293786
reggae,1,None,0.75,0.45,0.9246575342465754
reggae,4,None,0.7777777777777778,0.65,0.9523809523809523
reggae,7,None,0.7666666666666667,0.65,0.9517241379310345
reggae,10,None,0.7944444444444444,0.7,0.959731543624161
reggae,13,None,0.8055555555555556,0.65,0.9539473684210527
reggae,16,None,0.8111111111111111,0.7,0.9605263157894737
reggae,19,None,0.8166666666666667,0.65,0.9545454545454546
reggae,22,None,0.8222222222222222,0.65,0.9548387096774194
reggae,25,None,0.8277777777777777,0.75,0.9675324675324676
reggae,28,None,0.8277777777777777,0.65,0.9551282051282052
reggae,31,None,0.8555555555555555,0.65,0.9565217391304348
reggae,34,None,0.8666666666666667,0.65,0.9570552147239264
reggae,37,None,0.8722222222222222,0.65,0.9573170731707317
reggae,40,None,0.8666666666666667,0.65,0.9570552147239264
reggae,43,None,0.8666666666666667,0.6,0.9512195121951219
reggae,46,None,0.8666666666666667,0.65,0.9570552147239264
reggae,49,None,0.8666666666666667,0.65,0.9570552147239264
reggae,52,None,0.9055555555555556,0.5,0.9421965317919075
reggae,55,None,0.9,0.55,0.9473684210526315
reggae,58,None,0.9166666666666666,0.55,0.9482758620689655
reggae,61,None,0.8944444444444445,0.6,0.9526627218934911
reggae,64,None,0.9222222222222223,0.65,0.9595375722543352
reggae,67,None,0.9388888888888889,0.7,0.9657142857142857
reggae,70,None,0.9277777777777778,0.7,0.9653179190751445
reggae,73,None,0.9166666666666666,0.65,0.9593023255813954
reggae,76,None,0.9055555555555556,0.6,0.9532163742690059
reggae,79,None,0.9166666666666666,0.45,0.9375
reggae,82,None,0.9222222222222223,0.5,0.9431818181818182
reggae,85,None,0.9388888888888889,0.4,0.9337016574585635
reggae,88,None,0.9333333333333333,0.35,0.9281767955801105
reggae,91,None,0.9388888888888889,0.35,0.9285714285714286
reggae,94,None,0.9388888888888889,0.25,0.9184782608695652
reggae,97,None,0.95,0.25,0.9193548387096774
reggae,100,None,0.9611111111111111,0.25,0.9202127659574468
reggae,103,None,0.9666666666666667,0.25,0.9206349206349206
reggae,106,None,0.9555555555555556,0.25,0.9197860962566845
reggae,109,None,0.9666666666666667,0.3,0.925531914893617
reggae,112,None,Null,Null,Null
reggae,115,None,Null,Null,Null
reggae,118,None,Null,Null,Null
reggae,121,None,Null,Null,Null
reggae,124,None,Null,Null,Null
reggae,127,None,Null,Null,Null
reggae,130,None,Null,Null,Null
reggae,133,None,Null,Null,Null
reggae,136,None,Null,Null,Null
reggae,139,None,Null,Null,Null
reggae,142,None,Null,Null,Null
reggae,145,None,Null,Null,Null
reggae,148,None,Null,Null,Null
reggae,151,None,Null,Null,Null
reggae,154,None,Null,Null,Null
reggae,157,None,Null,Null,Null
reggae,160,None,Null,Null,Null
reggae,163,None,Null,Null,Null
reggae,166,None,Null,Null,Null
reggae,169,None,Null,Null,Null
reggae,172,None,Null,Null,Null
reggae,175,None,Null,Null,Null
reggae,178,None,Null,Null,Null
reggae,181,None,Null,Null,Null
reggae,184,None,Null,Null,Null
reggae,187,None,Null,Null,Null
reggae,190,None,Null,Null,Null
reggae,193,None,Null,Null,Null
reggae,196,None,Null,Null,Null
reggae,1,PCA,0.0,1.0,nan
reggae,4,PCA,0.7722222222222223,0.6,0.9455782312925171
reggae,7,PCA,0.7666666666666667,0.65,0.9517241379310345
reggae,10,PCA,0.8,0.7,0.96
reggae,13,PCA,0.8,0.7,0.96
reggae,16,PCA,0.8111111111111111,0.7,0.9605263157894737
reggae,19,PCA,0.8111111111111111,0.65,0.954248366013072
reggae,22,PCA,0.8222222222222222,0.65,0.9548387096774194
reggae,25,PCA,0.8388888888888889,0.75,0.967948717948718
reggae,28,PCA,0.8222222222222222,0.65,0.9548387096774194
reggae,31,PCA,0.8388888888888889,0.65,0.9556962025316456
reggae,34,PCA,0.8666666666666667,0.65,0.9570552147239264
reggae,37,PCA,0.8777777777777778,0.65,0.9575757575757575
reggae,40,PCA,0.8722222222222222,0.65,0.9573170731707317
reggae,43,PCA,0.8777777777777778,0.6,0.9518072289156626
reggae,46,PCA,0.8777777777777778,0.65,0.9575757575757575
reggae,49,PCA,0.8666666666666667,0.65,0.9570552147239264
reggae,52,PCA,0.9055555555555556,0.5,0.9421965317919075
reggae,55,PCA,0.9055555555555556,0.6,0.9532163742690059
reggae,58,PCA,0.9055555555555556,0.6,0.9532163742690059
reggae,61,PCA,0.9,0.6,0.9529411764705882
reggae,64,PCA,0.9222222222222223,0.65,0.9595375722543352
reggae,67,PCA,0.9333333333333333,0.65,0.96
reggae,70,PCA,0.9166666666666666,0.65,0.9593023255813954
reggae,73,PCA,0.9166666666666666,0.6,0.953757225433526
reggae,76,PCA,0.9166666666666666,0.5,0.9428571428571428
reggae,79,PCA,0.9055555555555556,0.45,0.9367816091954023
reggae,82,PCA,0.9,0.5,0.9418604651162791
reggae,85,PCA,0.9333333333333333,0.4,0.9333333333333333
reggae,88,PCA,0.9277777777777778,0.35,0.9277777777777778
reggae,91,PCA,0.9388888888888889,0.3,0.9234972677595629
reggae,94,PCA,0.9444444444444444,0.35,0.9289617486338798
reggae,97,PCA,0.95,0.3,0.9243243243243243
reggae,100,PCA,0.95,0.3,0.9243243243243243
reggae,103,PCA,0.9611111111111111,0.2,0.9153439153439153
reggae,106,PCA,0.9555555555555556,0.25,0.9197860962566845
reggae,109,PCA,0.9666666666666667,0.3,0.925531914893617
reggae,112,PCA,0.9777777777777777,0.25,0.9214659685863874
reggae,115,PCA,0.9833333333333333,0.3,0.9267015706806283
reggae,118,PCA,0.9833333333333333,0.2,0.917098445595855
reggae,121,PCA,0.9777777777777777,0.1,0.9072164948453608
reggae,124,PCA,0.9833333333333333,0.1,0.9076923076923077
reggae,127,PCA,0.9833333333333333,0.1,0.9076923076923077
reggae,130,PCA,0.9944444444444445,0.05,0.9040404040404041
reggae,133,PCA,0.9944444444444445,0.1,0.9086294416243654
reggae,136,PCA,0.9944444444444445,0.1,0.9086294416243654
reggae,139,PCA,0.9944444444444445,0.1,0.9086294416243654
reggae,142,PCA,0.9944444444444445,0.1,0.9086294416243654
reggae,145,PCA,0.9944444444444445,0.05,0.9040404040404041
reggae,148,PCA,0.9944444444444445,0.05,0.9040404040404041
reggae,151,PCA,0.9944444444444445,0.0,0.8994974874371859
reggae,154,PCA,0.9944444444444445,0.0,0.8994974874371859
reggae,157,PCA,1.0,0.0,0.9
reggae,160,PCA,1.0,0.0,0.9
reggae,163,PCA,1.0,0.0,0.9
reggae,166,PCA,1.0,0.0,0.9
reggae,169,PCA,1.0,0.0,0.9
reggae,172,PCA,1.0,0.0,0.9
reggae,175,PCA,1.0,0.0,0.9
reggae,178,PCA,1.0,0.0,0.9
reggae,181,PCA,1.0,0.0,0.9
reggae,184,PCA,1.0,0.0,0.9
reggae,187,PCA,1.0,0.0,0.9
reggae,190,PCA,1.0,0.0,0.9
reggae,193,PCA,1.0,0.0,0.9
reggae,196,PCA,1.0,0.0,0.9
reggae,1,LDA,0.75,0.45,0.9246575342465754
reggae,4,LDA,0.7666666666666667,0.65,0.9517241379310345
reggae,7,LDA,0.7722222222222223,0.65,0.952054794520548
reggae,10,LDA,0.7944444444444444,0.7,0.959731543624161
reggae,13,LDA,0.7888888888888889,0.65,0.9530201342281879
reggae,16,LDA,0.7833333333333333,0.8,0.9724137931034482
reggae,19,LDA,0.8333333333333334,0.7,0.9615384615384616
reggae,22,LDA,0.8166666666666667,0.7,0.9607843137254902
reggae,25,LDA,0.8111111111111111,0.75,0.9668874172185431
reggae,28,LDA,0.8111111111111111,0.75,0.9668874172185431
reggae,31,LDA,0.8055555555555556,0.65,0.9539473684210527
reggae,34,LDA,0.8055555555555556,0.75,0.9666666666666667
reggae,37,LDA,0.8333333333333334,0.7,0.9615384615384616
reggae,40,LDA,0.8277777777777777,0.75,0.9675324675324676
reggae,43,LDA,0.8333333333333334,0.65,0.9554140127388535
reggae,46,LDA,0.8333333333333334,0.75,0.967741935483871
reggae,49,LDA,0.8222222222222222,0.65,0.9548387096774194
reggae,52,LDA,0.8555555555555555,0.75,0.9685534591194969
reggae,55,LDA,0.8555555555555555,0.65,0.9565217391304348
reggae,58,LDA,0.85,0.7,0.9622641509433962
reggae,61,LDA,0.8722222222222222,0.7,0.9631901840490797
reggae,64,LDA,0.8888888888888888,0.7,0.963855421686747
reggae,67,LDA,0.8777777777777778,0.85,0.9813664596273292
reggae,70,LDA,0.8777777777777778,0.8,0.9753086419753086
reggae,73,LDA,0.8833333333333333,0.7,0.9636363636363636
reggae,76,LDA,0.8666666666666667,0.7,0.9629629629629629
reggae,79,LDA,0.8722222222222222,0.75,0.9691358024691358
reggae,82,LDA,0.8722222222222222,0.7,0.9631901840490797
reggae,85,LDA,0.8722222222222222,0.7,0.9631901840490797
reggae,88,LDA,0.9055555555555556,0.8,0.9760479041916168
reggae,91,LDA,0.9055555555555556,0.75,0.9702380952380952
reggae,94,LDA,0.9055555555555556,0.75,0.9702380952380952
reggae,97,LDA,0.8944444444444445,0.7,0.9640718562874252
reggae,100,LDA,0.9055555555555556,0.7,0.9644970414201184
reggae,103,LDA,0.9,0.85,0.9818181818181818
reggae,106,LDA,0.9,0.8,0.9759036144578314
reggae,109,LDA,0.9,0.8,0.9759036144578314
reggae,112,LDA,0.9,0.8,0.9759036144578314
reggae,115,LDA,0.8944444444444445,0.8,0.9757575757575757
reggae,118,LDA,0.9,0.75,0.9700598802395209
reggae,121,LDA,0.9055555555555556,0.65,0.9588235294117647
reggae,124,LDA,0.8944444444444445,0.7,0.9640718562874252
reggae,127,LDA,0.8944444444444445,0.75,0.9698795180722891
reggae,130,LDA,0.9,0.8,0.9759036144578314
reggae,133,LDA,0.9,0.8,0.9759036144578314
reggae,136,LDA,0.9,0.8,0.9759036144578314
reggae,139,LDA,0.8888888888888888,0.8,0.975609756097561
reggae,142,LDA,0.8888888888888888,0.8,0.975609756097561
reggae,145,LDA,0.9,0.85,0.9818181818181818
reggae,148,LDA,0.9,0.8,0.9759036144578314
reggae,151,LDA,0.9055555555555556,0.75,0.9702380952380952
reggae,154,LDA,0.9055555555555556,0.8,0.9760479041916168
reggae,157,LDA,0.9111111111111111,0.8,0.9761904761904762
reggae,160,LDA,0.9111111111111111,0.8,0.9761904761904762
reggae,163,LDA,0.9111111111111111,0.8,0.9761904761904762
reggae,166,LDA,0.9111111111111111,0.85,0.9820359281437125
reggae,169,LDA,0.9111111111111111,0.85,0.9820359281437125
reggae,172,LDA,0.9055555555555556,0.85,0.9819277108433735
reggae,175,LDA,0.9055555555555556,0.85,0.9819277108433735
reggae,178,LDA,0.9111111111111111,0.85,0.9820359281437125
reggae,181,LDA,0.9055555555555556,0.85,0.9819277108433735
reggae,184,LDA,0.9055555555555556,0.85,0.9819277108433735
reggae,187,LDA,0.9055555555555556,0.85,0.9819277108433735
reggae,190,LDA,0.9111111111111111,0.85,0.9820359281437125
reggae,193,LDA,0.9111111111111111,0.85,0.9820359281437125
reggae,196,LDA,0.9166666666666666,0.85,0.9821428571428571
rock,1,None,0.6333333333333333,0.5,0.9193548387096774
rock,4,None,0.65,0.75,0.9590163934426229
rock,7,None,0.7,0.75,0.9618320610687023
rock,10,None,0.7,0.7,0.9545454545454546
rock,13,None,0.7055555555555556,0.65,0.9477611940298507
rock,16,None,0.7222222222222222,0.65,0.948905109489051
rock,19,None,0.7055555555555556,0.75,0.9621212121212122
rock,22,None,0.7111111111111111,0.75,0.9624060150375939
rock,25,None,0.7222222222222222,0.75,0.9629629629629629
rock,28,None,0.7222222222222222,0.75,0.9629629629629629
rock,31,None,0.7166666666666667,0.75,0.9626865671641791
rock,34,None,0.7388888888888889,0.7,0.9568345323741008
rock,37,None,0.7333333333333333,0.7,0.9565217391304348
rock,40,None,0.7333333333333333,0.7,0.9565217391304348
rock,43,None,0.7555555555555555,0.75,0.9645390070921985
rock,46,None,0.7722222222222223,0.7,0.9586206896551724
rock,49,None,0.7888888888888889,0.6,0.9466666666666667
rock,52,None,0.7833333333333333,0.6,0.9463087248322147
rock,55,None,0.7833333333333333,0.65,0.9527027027027027
rock,58,None,0.7722222222222223,0.7,0.9586206896551724
rock,61,None,0.7777777777777778,0.6,0.9459459459459459
rock,64,None,0.7666666666666667,0.45,0.9261744966442953
rock,67,None,0.7611111111111111,0.35,0.9133333333333333
rock,70,None,0.8,0.35,0.9171974522292994
rock,73,None,0.8111111111111111,0.4,0.9240506329113924
rock,76,None,0.8222222222222222,0.45,0.9308176100628931
rock,79,None,0.8444444444444444,0.55,0.9440993788819876
rock,82,None,0.8444444444444444,0.5,0.9382716049382716
rock,85,None,0.8555555555555555,0.55,0.9447852760736196
rock,88,None,0.8666666666666667,0.5,0.9397590361445783
rock,91,None,0.8833333333333333,0.5,0.9408284023668639
rock,94,None,0.8722222222222222,0.5,0.9401197604790419
rock,97,None,0.8611111111111112,0.35,0.9226190476190477
rock,100,None,0.8777777777777778,0.25,0.9132947976878613
rock,103,None,0.9222222222222223,0.3,0.9222222222222223
rock,106,None,0.9055555555555556,0.3,0.9209039548022598
rock,109,None,0.9222222222222223,0.25,0.9171270718232044
rock,112,None,0.9166666666666666,0.25,0.9166666666666666
rock,115,None,0.9333333333333333,0.25,0.9180327868852459
rock,118,None,Null,Null,Null
rock,121,None,Null,Null,Null
rock,124,None,Null,Null,Null
rock,127,None,Null,Null,Null
rock,130,None,Null,Null,Null
rock,133,None,Null,Null,Null
rock,136,None,Null,Null,Null
rock,139,None,Null,Null,Null
rock,142,None,Null,Null,Null
rock,145,None,Null,Null,Null
rock,148,None,Null,Null,Null
rock,151,None,Null,Null,Null
rock,154,None,Null,Null,Null
rock,157,None,Null,Null,Null
rock,160,None,Null,Null,Null
rock,163,None,Null,Null,Null
rock,166,None,Null,Null,Null
rock,169,None,Null,Null,Null
rock,172,None,Null,Null,Null
rock,175,None,Null,Null,Null
rock,178,None,Null,Null,Null
rock,181,None,Null,Null,Null
rock,184,None,Null,Null,Null
rock,187,None,Null,Null,Null
rock,190,None,Null,Null,Null
rock,193,None,Null,Null,Null
rock,196,None,Null,Null,Null
rock,1,PCA,0.0,1.0,nan
rock,4,PCA,0.65,0.65,0.9435483870967742
rock,7,PCA,0.6666666666666666,0.6,0.9375
rock,10,PCA,0.6888888888888889,0.7,0.9538461538461539
rock,13,PCA,0.7,0.65,0.9473684210526315
rock,16,PCA,0.6944444444444444,0.7,0.9541984732824428
rock,19,PCA,0.6833333333333333,0.75,0.9609375
rock,22,PCA,0.6888888888888889,0.75,0.9612403100775194
rock,25,PCA,0.7055555555555556,0.8,0.9694656488549618
rock,28,PCA,0.7,0.8,0.9692307692307692
rock,31,PCA,0.7222222222222222,0.75,0.9629629629629629
rock,34,PCA,0.7333333333333333,0.75,0.9635036496350365
rock,37,PCA,0.7277777777777777,0.7,0.9562043795620438
rock,40,PCA,0.7388888888888889,0.65,0.95
rock,43,PCA,0.7666666666666667,0.65,0.9517241379310345
rock,46,PCA,0.7666666666666667,0.6,0.9452054794520548
rock,49,PCA,0.7888888888888889,0.55,0.9403973509933775
rock,52,PCA,0.7888888888888889,0.55,0.9403973509933775
rock,55,PCA,0.7888888888888889,0.55,0.9403973509933775
rock,58,PCA,0.7833333333333333,0.55,0.94
rock,61,PCA,0.7555555555555555,0.5,0.9315068493150684
rock,64,PCA,0.7888888888888889,0.45,0.9281045751633987
rock,67,PCA,0.7944444444444444,0.45,0.9285714285714286
rock,70,PCA,0.8055555555555556,0.5,0.9354838709677419
rock,73,PCA,0.8055555555555556,0.45,0.9294871794871795
rock,76,PCA,0.7888888888888889,0.4,0.922077922077922
rock,79,PCA,0.8444444444444444,0.55,0.9440993788819876
rock,82,PCA,0.8666666666666667,0.55,0.9454545454545454
rock,85,PCA,0.8555555555555555,0.55,0.9447852760736196
rock,88,PCA,0.8611111111111112,0.55,0.9451219512195121
rock,91,PCA,0.8722222222222222,0.55,0.9457831325301205
rock,94,PCA,0.8611111111111112,0.55,0.9451219512195121
rock,97,PCA,0.85,0.35,0.9216867469879518
rock,100,PCA,0.8777777777777778,0.25,0.9132947976878613
rock,103,PCA,0.9,0.4,0.9310344827586207
rock,106,PCA,0.8833333333333333,0.3,0.9190751445086706
rock,109,PCA,0.9111111111111111,0.3,0.9213483146067416
rock,112,PCA,0.9,0.3,0.9204545454545454
rock,115,PCA,0.9277777777777778,0.25,0.9175824175824175
rock,118,PCA,0.9333333333333333,0.2,0.9130434782608695
rock,121,PCA,0.9555555555555556,0.15,0.91005291005291
rock,124,PCA,0.9611111111111111,0.2,0.9153439153439153
rock,127,PCA,0.9777777777777777,0.25,0.9214659685863874
rock,130,PCA,0.9944444444444445,0.25,0.9226804123711341
rock,133,PCA,0.9888888888888889,0.25,0.9222797927461139
rock,136,PCA,0.9777777777777777,0.25,0.9214659685863874
rock,139,PCA,0.9833333333333333,0.2,0.917098445595855
rock,142,PCA,0.9833333333333333,0.2,0.917098445595855
rock,145,PCA,0.9833333333333333,0.1,0.9076923076923077
rock,148,PCA,0.9833333333333333,0.1,0.9076923076923077
rock,151,PCA,0.9833333333333333,0.1,0.9076923076923077
rock,154,PCA,0.9777777777777777,0.1,0.9072164948453608
rock,157,PCA,0.9777777777777777,0.15,0.9119170984455959
rock,160,PCA,0.9888888888888889,0.05,0.9035532994923858
rock,163,PCA,0.9888888888888889,0.1,0.9081632653061225
rock,166,PCA,0.9944444444444445,0.1,0.9086294416243654
rock,169,PCA,0.9944444444444445,0.05,0.9040404040404041
rock,172,PCA,0.9944444444444445,0.0,0.8994974874371859
rock,175,PCA,0.9944444444444445,0.0,0.8994974874371859
rock,178,PCA,0.9888888888888889,0.0,0.898989898989899
rock,181,PCA,0.9888888888888889,0.0,0.898989898989899
rock,184,PCA,0.9944444444444445,0.0,0.8994974874371859
rock,187,PCA,0.9944444444444445,0.0,0.8994974874371859
rock,190,PCA,1.0,0.0,0.9
rock,193,PCA,1.0,0.0,0.9
rock,196,PCA,1.0,0.0,0.9
rock,1,LDA,0.6333333333333333,0.5,0.9193548387096774
rock,4,LDA,0.6222222222222222,0.7,0.9491525423728814
rock,7,LDA,0.6944444444444444,0.65,0.946969696969697
rock,10,LDA,0.7055555555555556,0.7,0.9548872180451128
rock,13,LDA,0.7166666666666667,0.7,0.9555555555555556
rock,16,LDA,0.7055555555555556,0.7,0.9548872180451128
rock,19,LDA,0.7055555555555556,0.7,0.9548872180451128
rock,22,LDA,0.6833333333333333,0.7,0.9534883720930233
rock,25,LDA,0.6833333333333333,0.75,0.9609375
rock,28,LDA,0.7222222222222222,0.75,0.9629629629629629
rock,31,LDA,0.7222222222222222,0.75,0.9629629629629629
rock,34,LDA,0.7111111111111111,0.75,0.9624060150375939
rock,37,LDA,0.6944444444444444,0.75,0.9615384615384616
rock,40,LDA,0.7111111111111111,0.75,0.9624060150375939
rock,43,LDA,0.7222222222222222,0.75,0.9629629629629629
rock,46,LDA,0.7111111111111111,0.65,0.9481481481481482
rock,49,LDA,0.7111111111111111,0.7,0.9552238805970149
rock,52,LDA,0.6944444444444444,0.7,0.9541984732824428
rock,55,LDA,0.7,0.7,0.9545454545454546
rock,58,LDA,0.6944444444444444,0.65,0.946969696969697
rock,61,LDA,0.7055555555555556,0.6,0.9407407407407408
rock,64,LDA,0.6944444444444444,0.65,0.946969696969697
rock,67,LDA,0.7055555555555556,0.65,0.9477611940298507
rock,70,LDA,0.7277777777777777,0.55,0.9357142857142857
rock,73,LDA,0.7111111111111111,0.6,0.9411764705882353
rock,76,LDA,0.7166666666666667,0.5,0.9280575539568345
rock,79,LDA,0.7388888888888889,0.6,0.9432624113475178
rock,82,LDA,0.7388888888888889,0.65,0.95
rock,85,LDA,0.7277777777777777,0.65,0.9492753623188406
rock,88,LDA,0.7388888888888889,0.7,0.9568345323741008
rock,91,LDA,0.75,0.65,0.9507042253521126
rock,94,LDA,0.7333333333333333,0.65,0.9496402877697842
rock,97,LDA,0.75,0.6,0.9440559440559441
rock,100,LDA,0.7555555555555555,0.6,0.9444444444444444
rock,103,LDA,0.7777777777777778,0.6,0.9459459459459459
rock,106,LDA,0.7611111111111111,0.5,0.9319727891156463
rock,109,LDA,0.7611111111111111,0.65,0.9513888888888888
rock,112,LDA,0.75,0.7,0.9574468085106383
rock,115,LDA,0.7333333333333333,0.6,0.9428571428571428
rock,118,LDA,0.7388888888888889,0.65,0.95
rock,121,LDA,0.7388888888888889,0.65,0.95
rock,124,LDA,0.75,0.6,0.9440559440559441
rock,127,LDA,0.7611111111111111,0.7,0.958041958041958
rock,130,LDA,0.7611111111111111,0.7,0.958041958041958
rock,133,LDA,0.7444444444444445,0.7,0.9571428571428572
rock,136,LDA,0.7777777777777778,0.7,0.958904109589041
rock,139,LDA,0.7611111111111111,0.7,0.958041958041958
rock,142,LDA,0.7666666666666667,0.7,0.9583333333333334
rock,145,LDA,0.7555555555555555,0.7,0.9577464788732394
rock,148,LDA,0.7555555555555555,0.7,0.9577464788732394
rock,151,LDA,0.7555555555555555,0.75,0.9645390070921985
rock,154,LDA,0.7555555555555555,0.7,0.9577464788732394
rock,157,LDA,0.7833333333333333,0.7,0.9591836734693877
rock,160,LDA,0.7611111111111111,0.75,0.9647887323943662
rock,163,LDA,0.7666666666666667,0.75,0.965034965034965
rock,166,LDA,0.7555555555555555,0.8,0.9714285714285714
rock,169,LDA,0.7555555555555555,0.7,0.9577464788732394
rock,172,LDA,0.7611111111111111,0.75,0.9647887323943662
rock,175,LDA,0.7666666666666667,0.75,0.965034965034965
rock,178,LDA,0.7611111111111111,0.7,0.958041958041958
rock,181,LDA,0.7777777777777778,0.7,0.958904109589041
rock,184,LDA,0.7777777777777778,0.7,0.958904109589041
rock,187,LDA,0.7722222222222223,0.7,0.9586206896551724
rock,190,LDA,0.7777777777777778,0.65,0.9523809523809523
rock,193,LDA,0.7388888888888889,0.7,0.9568345323741008
rock,196,LDA,0.75,0.65,0.9507042253521126
